"Name","Pos","Salary","Game Time","Avg","Team","points","positionRank","dropoff","upper","lower","risk"
"A.J. Derby","TE",2500,"NE@Ari 08:30PM ET",0,"NE",1.0507,75,"0.0182",1.3643,0.3799,"null"
"A.J. Green","WR",8400,"Cin@NYJ 01:00PM ET",17.929,"Cin",16.9267,14,"0.2803",19.0911,13.64,"7.069"
"Aaron Dobson","WR",3000,"NE@Ari 08:30PM ET",3.388,"NE",0,192,"0",0,0,"2.9504"
"Aaron Murray","QB",5000,"SD@KC 01:00PM ET",0,"KC",0,76,"0",0,0,"3.5387"
"Aaron Ripkowski","RB",3000,"GB@Jax 01:00PM ET",0.165,"GB",0.8337,115,"0.0238",1.3639,0.02,"4.0872"
"Aaron Rodgers","QB",8500,"GB@Jax 01:00PM ET",20.004,"GB",20.5604,4,"0.223",21.4486,18.34,"3.6183"
"Adam Humphries","WR",3000,"TB@Atl 01:00PM ET",4.538,"TB",4.9701,94,"0.1468",7.42,0.94,"6.9728"
"Adam Thielen","WR",3000,"Min@Ten 01:00PM ET",2.076,"Min",2.1596,129,"0.0705",3.224,0.46,"4.6441"
"Adrian Peterson","RB",7600,"Min@Ten 01:00PM ET",17.147,"Min",15.7118,8,"0.792",17.8552,10.2947,"2.7474"
"AJ McCarron","QB",5000,"Cin@NYJ 01:00PM ET",8.705,"Cin",0.5957,47,"0.1234",1.1731,0.04,"5.2252"
"Akeem Hunt","RB",3000,"Chi@Hou 01:00PM ET",2.438,"Hou",0,142,"0",0,0,"null"
"Albert Wilson","WR",3600,"SD@KC 01:00PM ET",7.213,"KC",6.8409,73,"0.2739",9.6858,4.83,"6.4538"
"Aldrick Robinson","WR",3000,"TB@Atl 01:00PM ET",0,"Atl",1.6683,137,"0.0687",2.9262,0,"4.9146"
"Alex Collins","RB",3100,"Mia@Sea 04:05PM ET",0,"Sea",0.9042,112,"0.0484",1.6674,0.15,"5.1718"
"Alex Erickson","WR",3000,"Cin@NYJ 01:00PM ET",0,"Cin",0.3584,176,"0.0152",0.8332,0,"4.0314"
"Alex Smith","QB",6500,"SD@KC 01:00PM ET",17.377,"KC",19.0897,8,"0.1849",22.983,15.844,"9.3541"
"Alfred Blue","RB",3600,"Chi@Hou 01:00PM ET",7.741,"Hou",4.2835,65,"0.0633",7.7695,0.7404,"5.1718"
"Alfred Morris","RB",3800,"NYG@Dal 04:25PM ET",6.329,"Dal",5.1922,58,"0.2544",7.3181,2.7717,"4.9166"
"Allen Hurns","WR",5800,"GB@Jax 01:00PM ET",16.073,"Jax",10.9695,42,"0.1621",11.9171,9.611,"4.1918"
"Allen Robinson","WR",8300,"GB@Jax 01:00PM ET",20.125,"Jax",17.2713,11,"0.2066",19.9938,13.4938,"5.1069"
"Alshon Jeffery","WR",7900,"Chi@Hou 01:00PM ET",18.967,"Chi",16.6049,16,"0.3714",18.8947,13.2562,"5.8685"
"Amari Cooper","WR",7200,"Oak@NO 01:00PM ET",14.294,"Oak",18.5574,5,"0.793",21.2398,15.73,"5.401"
"Ameer Abdullah","RB",4900,"Det@Ind 04:25PM ET",7.438,"Det",9.4472,36,"0.3652",10.5577,7.25,"4.2786"
"Andre Caldwell","WR",3000,"Det@Ind 04:25PM ET",2.056,"Det",0.3693,175,"0.0124",0.7255,0,"3.919"
"Andre Debose","WR",3000,"Det@Ind 04:25PM ET",0,"Ind",0,192,"0",0,0,"2.9504"
"Andre Ellington","RB",4100,"NE@Ari 08:30PM ET",6.333,"Ari",3.7371,69,"0.2225",4.4507,2.4358,"5.108"
"Andre Holmes","WR",3200,"Oak@NO 01:00PM ET",3.631,"Oak",2.5527,124,"0.1245",3.7251,1,"4.8049"
"Andre Johnson","WR",3900,"Min@Ten 01:00PM ET",7.206,"Ten",5.8717,83,"0.0669",7.9409,3.85,"5.988"
"Andre Roberts","WR",3000,"Det@Ind 04:25PM ET",3.389,"Det",1.715,134,"0.0226",2.6214,0,"3.6297"
"Andre Williams","RB",3000,"NYG@Dal 04:25PM ET",2.213,"NYG",0.8617,113,"0.0198",1.4492,0,"8.617"
"Andrew Hawkins","WR",3800,"Cle@Phi 01:00PM ET",6.95,"Cle",6.5571,75,"0.1307",9.1757,3.96,"8.2368"
"Andrew Luck","QB",8300,"Det@Ind 04:25PM ET",21.406,"Ind",21.5655,2,"0.6971",23.0061,19.56,"7.2902"
"Andrew Turzilli","WR",3000,"Min@Ten 01:00PM ET",1.5,"Ten",0,192,"0",0,0,"null"
"Andy Dalton","QB",6800,"Cin@NYJ 01:00PM ET",20.4,"Cin",15.0023,26,"0.7016",16.5571,13.128,"7.7731"
"Andy Jones","WR",3000,"NYG@Dal 04:25PM ET",0,"Dal",0,192,"0",0,0,"2.9504"
"Anquan Boldin","WR",4500,"Det@Ind 04:25PM ET",12.636,"Det",8.5177,59,"0.1074",9.3766,7.0062,"5.764"
"Anthony Dable","WR",3000,"NYG@Dal 04:25PM ET",0,"NYG",0,192,"0",0,0,"2.9504"
"Anthony Fasano","TE",2500,"Min@Ten 01:00PM ET",4.181,"Ten",3.314,48,"0.0811",5.5597,1.2,"null"
"Anthony Sherman","RB",3000,"SD@KC 01:00PM ET",0.544,"KC",0.5471,123,"0.1131",0.9595,0,"4.2148"
"Antonio Andrews","RB",3000,"Min@Ten 01:00PM ET",8.074,"Ten",1.8093,93,"0.0737",3.2316,0.1,"9.7015"
"Antonio Gates","TE",4200,"SD@KC 01:00PM ET",13.545,"SD",11.9101,7,"0.3329",14.0838,8.8129,"4.4174"
"Antwan Goodley","WR",3000,"Mia@Sea 04:05PM ET",0,"Sea",0,192,"0",0,0,"null"
"Arian Foster","RB",5800,"Mia@Sea 04:05PM ET",19.5,"Mia",12.6991,17,"0.3529",15.4444,9.44,"4.5976"
"Arrelious Benn","WR",3000,"GB@Jax 01:00PM ET",0,"Jax",0,192,"0",0,0,"null"
"Arthur Lynch","TE",2500,"TB@Atl 01:00PM ET",0,"Atl",0,109,"0",0,0,"null"
"Asante Cleveland","TE",2500,"SD@KC 01:00PM ET",0.275,"SD",0.2527,102,"0.0169",0.3872,0,"null"
"Austin Davis","QB",5000,"Cle@Phi 01:00PM ET",8.06,"Cle",0.0012,75,"0.0012",0.0023,0,"3.5424"
"Austin Hooper","TE",2500,"TB@Atl 01:00PM ET",0,"Atl",3.5867,46,"0.2361",4.1158,2.4537,"7.6724"
"Austin Johnson","RB",3000,"Oak@NO 01:00PM ET",1.49,"NO",0,142,"0",0,0,"null"
"Austin Seferian-Jenkins","TE",2800,"TB@Atl 01:00PM ET",11.686,"TB",5.6162,30,"0.1075",6.9679,2.5,"5.4531"
"B.J. Daniels","WR",3000,"Chi@Hou 01:00PM ET",0.585,"Chi",0,192,"0",0,0,"null"
"B.J. Daniels","WR",3000,"Chi@Hou 01:00PM ET",0.585,"Chi",0,76,"0",0,0,"null"
"Bear Pascoe","TE",2500,"NE@Ari 08:30PM ET",0,"NE",0,109,"0",0,0,"null"
"Ben Braunecker","TE",2500,"Chi@Hou 01:00PM ET",0,"Chi",0.2312,104,"0.049",0.3435,0,"null"
"Ben Koyack","TE",2500,"GB@Jax 01:00PM ET",0,"Jax",0.4261,91,"0.0118",0.7942,0,"null"
"Benjamin Watson","TE",3500,"Buf@Bal 01:00PM ET",12.344,"Bal",0,109,"0",0,0,"null"
"Bernard Pierce","RB",3000,"Cin@NYJ 01:00PM ET",0.686,"NYJ",0,142,"0",0,0,"null"
"Bilal Powell","RB",4300,"Cin@NYJ 01:00PM ET",12.282,"NYJ",9.0362,39,"0.0818",9.7381,2.8107,"3.4492"
"Bishop Sankey","RB",3000,"Min@Ten 01:00PM ET",4.477,"Ten",0,142,"0",0,0,"null"
"Blake Annen","TE",2500,"Buf@Bal 01:00PM ET",0,"Buf",0,109,"0",0,0,"null"
"Blake Bortles","QB",7200,"GB@Jax 01:00PM ET",22.32,"Jax",18.3989,12,"0.1726",19.4307,17.26,"5.8581"
"Bobby Rainey","RB",3000,"NYG@Dal 04:25PM ET",0.338,"NYG",0.4403,124,"0.0378",0.5613,0.1269,"5.2356"
"Branden Oliver","RB",3000,"SD@KC 01:00PM ET",4.375,"SD",0,142,"0",0,0,"null"
"Brandin Cooks","WR",7700,"Oak@NO 01:00PM ET",16.6,"NO",17.3965,9,"0.0812",20.3146,14.61,"5.8395"
"Brandon Bolden","RB",3000,"NE@Ari 08:30PM ET",4.5,"NE",2.6108,80,"0.1657",3.6222,0,"7.1496"
"Brandon Bostick","TE",2500,"Cin@NYJ 01:00PM ET",0,"NYJ",0.2404,103,"0.0328",0.4415,0,"null"
"Brandon Coleman","WR",3000,"Oak@NO 01:00PM ET",5.463,"NO",3.2094,117,"0.1587",5.6654,0.51,"5.9173"
"Brandon LaFell","WR",3900,"Cin@NYJ 01:00PM ET",7.385,"Cin",6.4994,76,"0.1915",7.2943,5.036,"4.7475"
"Brandon Marshall","WR",7800,"Cin@NYJ 01:00PM ET",23.2,"NYJ",17.5844,8,"0.2065",19.949,15.37,"6.5492"
"Brandon Myers","TE",2500,"TB@Atl 01:00PM ET",2.245,"TB",0.7934,80,"0.0197",1.3138,0,"null"
"Brandon Pettigrew","TE",2500,"Det@Ind 04:25PM ET",2.463,"Det",1.0351,76,"0.0504",1.7157,0,"null"
"Brandon Tate","WR",3000,"Cin@NYJ 01:00PM ET",0.818,"Cin",0.0469,191,"0.0469",0.1148,0,"3.1159"
"Brandon Weeden","QB",5000,"Chi@Hou 01:00PM ET",11.57,"Hou",0.0043,73,"0.0028",0.0094,0,"3.5538"
"Brandon Wilds","RB",3000,"TB@Atl 01:00PM ET",0,"Atl",0,142,"0",0,0,"null"
"Brandon Williams","TE",2500,"Mia@Sea 04:05PM ET",0,"Sea",0.3108,98,"0.0231",0.3681,0.25,"null"
"Braxton Miller","WR",3000,"Chi@Hou 01:00PM ET",0,"Hou",5.7094,86,"0.1215",7.972,3.12,"6.2776"
"Brent Celek","TE",2700,"Cle@Phi 01:00PM ET",5.488,"Phi",4.0491,41,"0.0638",4.5137,3.2823,"4.4914"
"Breshad Perriman","WR",3700,"Buf@Bal 01:00PM ET",0,"Bal",3.7849,107,"0.1046",5.445,1.56,"6.591"
"Brett Hundley","QB",5000,"GB@Jax 01:00PM ET",0,"GB",0.1127,65,"0.0262",0.2477,0.008,"3.8467"
"Brian Hoyer","QB",5000,"Chi@Hou 01:00PM ET",14.915,"Chi",1.077,40,"0.2847",2.2947,-0.24,"7.1089"
"Brian Leonhardt","TE",2500,"Min@Ten 01:00PM ET",0.35,"Min",0,109,"0",0,0,"null"
"Brian Parker","TE",2500,"SD@KC 01:00PM ET",0.145,"KC",0,109,"0",0,0,"null"
"Brice Butler","WR",3000,"NYG@Dal 04:25PM ET",5.4,"Dal",4.2193,102,"0.0568",7.5707,1.17,"8.0147"
"Brittan Golden","WR",3000,"NE@Ari 08:30PM ET",0.094,"Ari",0,192,"0",0,0,"2.9504"
"Brock Osweiler","QB",6300,"Chi@Hou 01:00PM ET",14.087,"Hou",17.4067,18,"0.4229",18.5823,14.172,"7.0171"
"Bryan Walters","WR",3000,"GB@Jax 01:00PM ET",6.8,"Jax",1.987,132,"0.226",3.6478,0.22,"5.7141"
"Bryce Petty","QB",5000,"Cin@NYJ 01:00PM ET",0,"NYJ",0.009,70,"0.0037",0.0135,0,"3.5603"
"C.J. Fiedorowicz","TE",2500,"Chi@Hou 01:00PM ET",2.341,"Hou",2.8277,55,"0.1202",3.642,1.69,"5.971"
"C.J. Prosise","RB",3900,"Mia@Sea 04:05PM ET",0,"Sea",4.6398,63,"0.2015",6.1489,1.39,"5.1718"
"C.J. Spiller","RB",3600,"Oak@NO 01:00PM ET",6.238,"NO",5.8727,56,"0.6393",7.1732,4.4373,"4.7252"
"C.J. Uzomah","TE",2500,"Cin@NYJ 01:00PM ET",0.233,"Cin",2.3433,61,"0.148",3.7983,0.22,"5.4531"
"Cameron Brate","TE",2900,"TB@Atl 01:00PM ET",4.986,"TB",6.1412,29,"0.5638",6.7107,4.6612,"4.4174"
"Cameron Marshall","RB",3000,"Mia@Sea 04:05PM ET",0,"Sea",0,142,"0",0,0,"null"
"Cameron Meredith","WR",3000,"Chi@Hou 01:00PM ET",2.091,"Chi",0.521,172,"0.0863",0.9852,0,"4.028"
"Cardale Jones","QB",5000,"Buf@Bal 01:00PM ET",0,"Buf",0,76,"0.0027",0,0,"3.5387"
"Carson Palmer","QB",7100,"NE@Ari 08:30PM ET",21.311,"Ari",18.1114,14,"0.2085",18.8182,16.588,"5.3223"
"Carson Wentz","QB",5000,"Cle@Phi 01:00PM ET",0,"Phi",15.4566,24,"0.3774",18.0389,11.24,"8.3313"
"Cedric Peerman","RB",3000,"Cin@NYJ 01:00PM ET",0,"Cin",0.0451,139,"0.0383",0.0778,0,"null"
"Chad Henne","QB",5000,"GB@Jax 01:00PM ET",0,"Jax",1.1741,39,"0.1679",2.6519,0.066,"7.4378"
"Chandler Worthy","WR",3000,"Cin@NYJ 01:00PM ET",1.467,"NYJ",0,192,"0",0,0,"null"
"Charcandrick West","RB",3500,"SD@KC 01:00PM ET",9.229,"KC",9.1243,37,"0.0864",11.1614,5.9305,"null"
"Charles Clay","TE",3400,"Buf@Bal 01:00PM ET",9.6,"Buf",10.1759,13,"0.3278",12.1528,6.9486,"4.5654"
"Charles Johnson","WR",3000,"Min@Ten 01:00PM ET",1.973,"Min",5.224,91,"0.0973",7.4388,0.86,"7.3039"
"Charles Sims","RB",4400,"TB@Atl 01:00PM ET",11.375,"TB",9.8934,33,"0.1992",10.9763,7.4,"3.8958"
"Charone Peake","WR",3000,"Cin@NYJ 01:00PM ET",0,"NYJ",1.4355,140,"0.099",1.8895,0.6551,"4.1089"
"Chase Daniel","QB",5000,"Cle@Phi 01:00PM ET",-0.08,"Phi",0.4814,48,"0.0246",0.958,-0.01,"2.9352"
"Chris Conley","WR",3700,"SD@KC 01:00PM ET",3.283,"KC",6.111,80,"0.0901",7.322,4.6857,"5.9138"
"Chris Givens","WR",3000,"Cle@Phi 01:00PM ET",4.207,"Phi",0,192,"0",0,0,"2.9504"
"Chris Gragg","TE",2500,"Buf@Bal 01:00PM ET",2.077,"Buf",0,109,"0",0,0,"null"
"Chris Harper","WR",3000,"NE@Ari 08:30PM ET",0.12,"NE",0,192,"0",0,0,"2.9504"
"Chris Harper","WR",3000,"NE@Ari 08:30PM ET",0.12,"NE",0,192,"0",0,0,"2.9504"
"Chris Harper","WR",3000,"NE@Ari 08:30PM ET",0.12,"NE",0,192,"0",0,0,"null"
"Chris Hogan","WR",3600,"NE@Ari 08:30PM ET",5.848,"NE",7.2311,69,"0.1647",9.7676,4.89,"6.6253"
"Chris Ivory","RB",4300,"GB@Jax 01:00PM ET",14.247,"Jax",7.7168,47,"0.7751",9.558,3.42,"null"
"Chris Johnson","RB",3700,"NE@Ari 08:30PM ET",11.018,"Ari",4.2469,66,"0.27",6.1913,2.82,"4.5338"
"Chris Matthews","WR",3000,"Buf@Bal 01:00PM ET",2.623,"Bal",0,192,"0",0,0,"null"
"Chris Moore","WR",3000,"Buf@Bal 01:00PM ET",0,"Bal",1.3977,141,"0.1271",2.2134,0.17,"4.4774"
"Chris Pantale","TE",2500,"Cle@Phi 01:00PM ET",0,"Phi",0,109,"0",0,0,"null"
"Christian Hackenberg","QB",5000,"Cin@NYJ 01:00PM ET",0,"NYJ",0.0061,71,"0.0017",0.0114,0,"3.5573"
"Christine Michael","RB",3700,"Mia@Sea 04:05PM ET",4.13,"Sea",10.1324,31,"0.1534",12.3112,3.3479,"7.2772"
"Clark Harris","TE",2500,"Cin@NYJ 01:00PM ET",0,"Cin",0,109,"0",0,0,"null"
"Clay Harbor","TE",2500,"NE@Ari 08:30PM ET",2.46,"NE",0.7693,82,"0.0424",1.1102,0,"null"
"Clive Walford","TE",3000,"Oak@NO 01:00PM ET",4.931,"Oak",8.0688,18,"0.4946",10.0407,4.5,"4.2695"
"Coby Fleener","TE",4900,"Oak@NO 01:00PM ET",7.694,"NO",11.0912,11,"0.4714",12.7775,7.7872,"3.8996"
"Cody Core","WR",3000,"Cin@NYJ 01:00PM ET",0,"Cin",0.4095,174,"0.0457",0.5055,0.1693,"3.2549"
"Cody Kessler","QB",5000,"Cle@Phi 01:00PM ET",0,"Cle",0.3945,51,"0.0361",0.7389,0,"4.7416"
"Cole Beasley","WR",3200,"NYG@Dal 04:25PM ET",8.538,"Dal",7.3622,68,"0.1504",7.9078,6.0725,"5.1341"
"Cole Wick","TE",2500,"Det@Ind 04:25PM ET",0,"Det",1.431,70,"0.206",3.2107,0,"7.3765"
"Connor Cook","QB",5000,"Oak@NO 01:00PM ET",0,"Oak",0,76,"0",0,0,"3.5387"
"Connor Shaw","QB",5000,"Chi@Hou 01:00PM ET",0,"Chi",0,76,"0",0,0,"null"
"Cooper Helfet","TE",2500,"Mia@Sea 04:05PM ET",1.625,"Sea",0,109,"0",0,0,"null"
"Cordarrelle Patterson","WR",3000,"Min@Ten 01:00PM ET",0.912,"Min",0.8896,152,"0.0387",1.5214,0.11,"4.1165"
"Corey Coleman","WR",5100,"Cle@Phi 01:00PM ET",0,"Cle",12.3453,37,"0.6658",14.4875,10.0958,"5.7146"
"Corey Fuller","WR",3000,"Det@Ind 04:25PM ET",0.883,"Det",0,192,"0",0,0,"2.9504"
"Corey Grant","RB",3000,"GB@Jax 01:00PM ET",0.417,"Jax",0.2998,128,"0.0091",0.6397,0.0273,"null"
"Corey Washington","WR",3000,"TB@Atl 01:00PM ET",0,"Atl",0,192,"0",0,0,"2.9504"
"Craig Stevens","TE",2500,"Min@Ten 01:00PM ET",2.256,"Ten",0,109,"0",0,0,"null"
"Crockett Gillmore","TE",2600,"Buf@Bal 01:00PM ET",10.12,"Bal",6.5867,26,"0.0832",8.6172,4.0238,"4.4174"
"D.J. Foster","RB",3000,"NE@Ari 08:30PM ET",0,"NE",0.3311,178,"0.0237",0.4791,0.1778,"3.3126"
"D.J. Foster","RB",3000,"NE@Ari 08:30PM ET",0,"NE",2.2,86,"0.1128",2.2,2.2,"null"
"Dak Prescott","QB",5000,"NYG@Dal 04:25PM ET",0,"Dal",17.5945,17,"0.3455",18.9748,13.682,"8.2329"
"Damien Williams","RB",3000,"Mia@Sea 04:05PM ET",2.881,"Mia",2.3347,82,"0.0167",3.9425,0,"7.0858"
"Dan Orlovsky","QB",5000,"Det@Ind 04:25PM ET",3.68,"Det",0.4501,50,"0.0729",0.924,0.024,"4.7737"
"Daniel Braverman","WR",3000,"Chi@Hou 01:00PM ET",0,"Chi",0,192,"0",0,0,"2.9504"
"Daniel Brown","WR",3000,"Buf@Bal 01:00PM ET",2.067,"Bal",0,192,"0",0,0,"2.9504"
"Daniel Lasco","RB",3000,"Oak@NO 01:00PM ET",0,"NO",0.7875,117,"0.0986",0.8264,0.2538,"null"
"Daniel Thomas","RB",3000,"Mia@Sea 04:05PM ET",0,"Mia",0,142,"0",0,0,"null"
"Danny Amendola","WR",4200,"NE@Ari 08:30PM ET",10.503,"NE",5.4545,90,"0.2351",6.7425,3.86,"5.7432"
"Danny Woodhead","RB",5000,"SD@KC 01:00PM ET",15.194,"SD",11.5359,24,"0.1694",12.1709,9.7941,"4.0234"
"Darius Jackson","RB",3000,"NYG@Dal 04:25PM ET",0,"Dal",1.1161,107,"0.0499",1.9098,0.12,"5.108"
"Darius Jennings","WR",3000,"Cle@Phi 01:00PM ET",6.425,"Cle",0,192,"0",0,0,"2.9504"
"Darrel Young","RB",3000,"Chi@Hou 01:00PM ET",0.541,"Chi",0,142,"0",0,0,"null"
"Darren Fells","TE",2700,"NE@Ari 08:30PM ET",5.319,"Ari",5.4788,32,"0.3902",7.5505,3.67,"4.7873"
"Darren McFadden","RB",4200,"NYG@Dal 04:25PM ET",13.356,"Dal",-0.4513,245,"null",-0.1822,-1,"null"
"Darren Sproles","RB",4200,"Cle@Phi 01:00PM ET",10.094,"Phi",8.8173,42,"0.4897",9.3737,7.3223,"5.427"
"Darren Waller","TE",2500,"Buf@Bal 01:00PM ET",0.633,"Bal",0,192,"0",0,0,"null"
"Darrin Reaves","RB",3000,"SD@KC 01:00PM ET",0,"KC",0,142,"0",0,0,"null"
"Davante Adams","WR",4300,"GB@Jax 01:00PM ET",8.65,"GB",6.9404,71,"0.0731",8.479,5.0031,"5.7301"
"David Cobb","RB",3000,"Min@Ten 01:00PM ET",3.057,"Ten",0,142,"0",0,0,"null"
"David Fales","QB",5000,"Chi@Hou 01:00PM ET",0,"Chi",0,76,"0",0,0,"3.5387"
"David Johnson","RB",7500,"NE@Ari 08:30PM ET",14.522,"Ari",18.329,3,"1.2878",19.7353,15.84,"2.3646"
"David Johnson","RB",7500,"NE@Ari 08:30PM ET",14.522,"Ari",0.4555,90,"0.0332",0.6365,0.18,"null"
"David Morgan","TE",2500,"Min@Ten 01:00PM ET",0,"Min",0.1803,106,"0.0513",0.2972,0,"null"
"DeAndre Carter","WR",3000,"NE@Ari 08:30PM ET",0,"NE",0,192,"0",0,0,"2.9504"
"DeAndre Hopkins","WR",8800,"Chi@Hou 01:00PM ET",21.294,"Hou",20.4394,4,"2.2237",22.0545,17.74,"4.5084"
"DeAndre Washington","RB",3700,"Oak@NO 01:00PM ET",0,"Oak",6.358,51,"0.0824",8.2317,3.8619,"4.4062"
"Delanie Walker","TE",4500,"Min@Ten 01:00PM ET",16.493,"Ten",11.7291,8,"0.3803",12.258,10.3426,"3.1598"
"DeMarco Murray","RB",5300,"Min@Ten 01:00PM ET",12.627,"Ten",12.8024,16,"0.1975",15.4083,9.0089,"3.5768"
"Demarcus Robinson","WR",3000,"SD@KC 01:00PM ET",0,"KC",0.7084,159,"0.0233",0.8446,0.5,"3.2804"
"Demetrius Harris","TE",2500,"SD@KC 01:00PM ET",1.244,"KC",2.8374,54,"0.0588",5.8449,0.33,"3.3078"
"Denard Robinson","RB",3100,"GB@Jax 01:00PM ET",5.308,"Jax",4.8472,61,"0.1388",9.6506,0.59,"null"
"Dennis Pitta","TE",2600,"Buf@Bal 01:00PM ET",0,"Bal",2.1527,63,"0.0626",3.4634,0.86,"null"
"Deonte Thompson","WR",3000,"Chi@Hou 01:00PM ET",1.443,"Chi",0.6618,162,"0.0338",0.8417,0.43,"3.3024"
"Derek Carr","QB",7300,"Oak@NO 01:00PM ET",19.08,"Oak",20.4686,5,"0.455",21.2058,19.9503,"5.107"
"Derrick Henry","RB",4000,"Min@Ten 01:00PM ET",0,"Ten",8.5035,43,"0.4294",10.7274,3.3587,"3.7044"
"DeVante Parker","WR",5300,"Mia@Sea 04:05PM ET",6.427,"Mia",8.829,56,"0.0916",8.6255,8.21,"3.3885"
"Devin Smith","WR",3000,"Cin@NYJ 01:00PM ET",2.55,"NYJ",0,192,"0",0,0,"null"
"Devin Street","WR",3000,"NYG@Dal 04:25PM ET",1.56,"Dal",0.5481,170,"0.026",0.8101,0,"3.731"
"Devonta Freeman","RB",6900,"TB@Atl 01:00PM ET",22.027,"Atl",18.5555,2,"0.8256",22.5034,15.13,"3.194"
"Dexter McCluster","RB",3000,"Min@Ten 01:00PM ET",8.518,"Ten",0,142,"0",0,0,"3.3854"
"Dez Bryant","WR",8500,"NYG@Dal 04:25PM ET",10.233,"Dal",17.6548,7,"0.1644",19.1879,15.92,"5.6157"
"Dezmin Lewis","WR",3000,"Buf@Bal 01:00PM ET",0,"Buf",0,192,"0",0,0,"2.9504"
"Dion Lewis","RB",5700,"NE@Ari 08:30PM ET",17.314,"NE",0,142,"0",0,0,"null"
"Dion Sims","TE",2500,"Mia@Sea 04:05PM ET",2.746,"Mia",2.6856,57,"0.1239",3.6042,1,"4.4174"
"Donald Brown","RB",3000,"NE@Ari 08:30PM ET",4.57,"NE",0,142,"0",0,0,"null"
"Donte Moncrief","WR",6000,"Det@Ind 04:25PM ET",11.206,"Ind",14.7596,25,"0.1101",16.4396,8.9496,"6.1138"
"Donteea Dye","WR",3000,"TB@Atl 01:00PM ET",3.02,"TB",0.5982,166,"0.0174",0.9876,0,"4.1319"
"Dontrelle Inman","WR",3400,"SD@KC 01:00PM ET",7.186,"SD",5.5189,89,"0.1796",6.8937,2.5979,"5.5036"
"Dorial Green-Beckham","WR",4500,"Min@Ten 01:00PM ET",7.431,"Ten",6.5769,74,"0.0486",8.6785,4.5,"6.6062"
"Doug Baldwin","WR",6600,"Mia@Sea 04:05PM ET",17.183,"Sea",16.3837,17,"0.3239",19.3847,13.59,"5.9038"
"Doug Martin","RB",6200,"TB@Atl 01:00PM ET",15.581,"TB",15.0418,9,"0.562",17.3014,13.12,"3.194"
"Dreamius Smith","RB",3000,"SD@KC 01:00PM ET",0,"SD",0,142,"0",0,0,"null"
"Drew Brees","QB",8100,"Oak@NO 01:00PM ET",23.147,"NO",20.2061,6,"0.7507",21.6091,18.338,"4.1869"
"Drew Stanton","QB",5000,"NE@Ari 08:30PM ET",0.123,"Ari",0.2257,59,"0.0503",0.4243,0.068,"3.9127"
"Dwayne Allen","TE",3200,"Det@Ind 04:25PM ET",2.538,"Ind",9.9212,14,"0.4921",12.5296,4.81,"3.8996"
"Dwayne Harris","WR",3600,"NYG@Dal 04:25PM ET",7.52,"NYG",3.2467,116,"0.094",4.7501,0.58,"4.2113"
"Dwayne Washington","RB",3000,"Det@Ind 04:25PM ET",0,"Det",0.6889,119,"0.0462",0.8285,0.46,"null"
"E.J. Bibbs","TE",2500,"Cle@Phi 01:00PM ET",0.243,"Cle",0,109,"0",0,0,"null"
"Eddie Lacy","RB",6700,"GB@Jax 01:00PM ET",10.235,"GB",13.4954,14,"0.3865",14.9385,8.9642,"3.1302"
"Eddie Royal","WR",3200,"Chi@Hou 01:00PM ET",7.411,"Chi",5.937,82,"0.0956",6.9773,4.72,"4.5547"
"EJ Manuel","QB",5000,"Buf@Bal 01:00PM ET",6.12,"Buf",0.2273,58,"0.014",0.2769,0.124,"3.7235"
"Eli Manning","QB",7500,"NYG@Dal 04:25PM ET",20.211,"NYG",17.817,16,"0.3164",19.432,14.82,"6.9241"
"Eric Decker","WR",6600,"Cin@NYJ 01:00PM ET",17.113,"NYJ",16.0834,18,"0.0567",18.0597,13.8248,"4.8597"
"Eric Ebron","TE",3900,"Det@Ind 04:25PM ET",9.336,"Det",7.4414,20,"0.3556",10.4125,2,"null"
"Eric Weems","WR",3000,"TB@Atl 01:00PM ET",0.156,"Atl",0.3089,179,"0.0055",0.5906,0,"7.8968"
"Erik Swoope","TE",2500,"Det@Ind 04:25PM ET",0,"Ind",0.5358,88,"0.0563",0.7331,0.36,"null"
"Evan Spencer","WR",3000,"TB@Atl 01:00PM ET",0,"TB",0,192,"0",0,0,"2.9504"
"Ezekiel Elliott","RB",7300,"NYG@Dal 04:25PM ET",0,"Dal",16.7118,6,"0.7917",19.8851,10.2229,"2.6836"
"Frank Gore","RB",5500,"Det@Ind 04:25PM ET",12.275,"Ind",11.626,23,"0.1436",13.6656,9.8373,"3.9596"
"Freddie Martino","WR",3000,"TB@Atl 01:00PM ET",0,"TB",0,192,"0",0,0,"2.9504"
"Gabe Holmes","TE",2500,"Oak@NO 01:00PM ET",0,"Oak",0,109,"0",0,0,"null"
"Garrett Grayson","QB",5000,"Oak@NO 01:00PM ET",0,"NO",0,76,"0",0,0,"3.5387"
"Gary Barnidge","TE",4700,"Cle@Phi 01:00PM ET",15.394,"Cle",13.822,4,"0.9745",16.1872,11.3,"3.3817"
"Gavin Escobar","TE",2600,"NYG@Dal 04:25PM ET",1.386,"Dal",2.553,59,"0.175",3.4557,1.4854,"null"
"Geno Smith","QB",5000,"Cin@NYJ 01:00PM ET",21,"NYJ",1.8955,36,"0.417",3.9255,0.2,"4.6992"
"Geoff Swaim","TE",2500,"NYG@Dal 04:25PM ET",0.25,"Dal",0.184,105,"0.0261",0.4043,0,"null"
"George Winn","RB",3000,"Det@Ind 04:25PM ET",0.014,"Det",0,142,"0",0,0,"null"
"Gerald Christian","TE",2500,"NE@Ari 08:30PM ET",0,"Ari",0,109,"0",0,0,"null"
"Geremy Davis","WR",3000,"NYG@Dal 04:25PM ET",0.41,"NYG",0,192,"0",0,0,"2.9504"
"Geronimo Allison","WR",3000,"GB@Jax 01:00PM ET",0,"GB",0,192,"0",0,0,"2.9504"
"Giovani Bernard","RB",4800,"Cin@NYJ 01:00PM ET",11.247,"Cin",10.6089,27,"0.2984",11.333,8.7287,"3.9596"
"Glenn Winston","RB",3000,"Cle@Phi 01:00PM ET",-0.6,"Cle",0,142,"0",0,0,"null"
"Golden Tate","WR",7300,"Det@Ind 04:25PM ET",13.15,"Det",15.4335,22,"0.4111",17.5909,10.9088,"8.2272"
"Greg Little","WR",3000,"Buf@Bal 01:00PM ET",0,"Buf",0,192,"0",0,0,"2.9504"
"Greg Salas","WR",3000,"Buf@Bal 01:00PM ET",3.55,"Buf",1.1635,147,"0.1283",1.9098,0,"4.2414"
"Griff Whalen","WR",3000,"Mia@Sea 04:05PM ET",3.107,"Mia",0.3011,181,"0.0671",0.4558,0,"3.6194"
"Gus Johnson","RB",3000,"TB@Atl 01:00PM ET",0,"Atl",0,142,"0",0,0,"null"
"Hakeem Nicks","WR",3200,"Oak@NO 01:00PM ET",2.067,"NO",0,192,"0",0,0,"null"
"Harry Douglas","WR",3400,"Min@Ten 01:00PM ET",6.25,"Ten",4.3243,99,"0.0608",6.7093,2.0561,"6.1157"
"Hunter Henry","TE",2500,"SD@KC 01:00PM ET",0,"SD",3.2159,50,"0.0925",3.874,2.0261,"6.4888"
"Ifeanyi Momah","TE",2500,"NE@Ari 08:30PM ET",0,"Ari",0,109,"0",0,0,"null"
"Isaiah Burse","WR",3000,"SD@KC 01:00PM ET",0,"SD",0.1388,187,"0.0308",0.2928,0,"3.2314"
"Isaiah Crowell","RB",4200,"Cle@Phi 01:00PM ET",8.8,"Cle",8.9503,41,"0.29",10.4383,7.2119,"5.3632"
"Isaiah Pead","RB",3000,"Mia@Sea 04:05PM ET",-0.35,"Mia",1.4316,101,"0.0846",2.5818,0,"null"
"J.J. Nelson","WR",3200,"NE@Ari 08:30PM ET",4.862,"Ari",4.2662,100,"0.0261",6.268,1.9,"5.6808"
"Jace Amaro","TE",2700,"Cin@NYJ 01:00PM ET",0,"NYJ",1.2446,71,"0.0552",2.327,0.19,"12.185"
"Jace Billingsley","WR",3000,"Det@Ind 04:25PM ET",0,"Det",0,192,"0",0,0,"2.9504"
"Jack Doyle","TE",2500,"Det@Ind 04:25PM ET",1.575,"Ind",4.3119,38,"0.1362",5.7756,2.4887,"3.3078"
"Jacob Tamme","TE",2800,"TB@Atl 01:00PM ET",8.913,"Atl",6.5394,27,"0.2352",7.6563,4.5,"3.9736"
"Jacoby Brissett","QB",5000,"NE@Ari 08:30PM ET",0,"NE",0.1255,64,"0.0193",0.2826,0,"3.8646"
"Jacquizz Rodgers","RB",3100,"Chi@Hou 01:00PM ET",1.22,"Chi",0,142,"0",0,0,"null"
"Jaelen Strong","WR",3800,"Chi@Hou 01:00PM ET",4.618,"Hou",5.2147,92,"0.2103",6.2086,2.81,"6.2085"
"Jake Kumerow","WR",3000,"Cin@NYJ 01:00PM ET",0,"Cin",0,192,"0",0,0,"2.9504"
"Jakeem Grant","WR",3000,"Mia@Sea 04:05PM ET",0,"Mia",1.266,143,"0.014",2.389,0,"5.144"
"Jalen Richard","RB",3000,"Oak@NO 01:00PM ET",0,"Oak",0.6415,121,"0.0825",1.351,0,"5.6184"
"Jalin Marshall","WR",3000,"Cin@NYJ 01:00PM ET",0,"NYJ",0.7548,157,"0.0347",1.6351,0,"4.5372"
"Jalston Fowler","RB",3000,"Min@Ten 01:00PM ET",1.419,"Ten",1.2428,105,"0.0766",1.5859,0.3462,"null"
"Jamaal Charles","RB",7100,"SD@KC 01:00PM ET",21.22,"KC",0,142,"0",0,0,"null"
"Jameill Showers","QB",5000,"NYG@Dal 04:25PM ET",0,"Dal",0,76,"0",0,0,"null"
"Jameis Winston","QB",6600,"TB@Atl 01:00PM ET",18.624,"TB",17.9888,15,"0.283",18.9918,14.8,"6.1163"
"James Develin","RB",3000,"NE@Ari 08:30PM ET",0,"NE",0.3149,127,"0.016",0.5249,0,"null"
"James Hanna","TE",2500,"NYG@Dal 04:25PM ET",1.207,"Dal",1.89,67,"0.1969",1.6549,0.6,"null"
"James Jones","WR",3500,"SD@KC 01:00PM ET",11.95,"SD",0,192,"0",0,0,"2.9504"
"James Starks","RB",4800,"GB@Jax 01:00PM ET",10.75,"GB",7.9964,45,"0.1547",10.2943,6.1639,"4.0234"
"James White","RB",3600,"NE@Ari 08:30PM ET",8.913,"NE",11.4288,25,"0.4722",13.2459,8.92,"4.4062"
"James Wright","WR",3000,"Cin@NYJ 01:00PM ET",0,"Cin",0.6014,165,"0.011",1.1794,0,"4.2202"
"Jamize Olawale","RB",3000,"Oak@NO 01:00PM ET",2.457,"Oak",2.2251,85,"0.0699",2.7999,0.6144,"16.5919"
"Jared Abbrederis","WR",3300,"GB@Jax 01:00PM ET",2.917,"GB",4.1539,104,"0.2476",6.8285,1.73,"5.8487"
"Jared Cook","TE",2900,"GB@Jax 01:00PM ET",5.506,"GB",7.707,19,"0.4205",8.7936,6.0095,"4.6394"
"Jarius Wright","WR",3000,"Min@Ten 01:00PM ET",4.824,"Min",3.5595,112,"0.1184",4.8333,0.8579,"6.173"
"Jaron Brown","WR",3400,"NE@Ari 08:30PM ET",1.889,"Ari",1.5698,139,"0.1532",2.643,0.48,"5.0119"
"Jarrett Boykin","WR",3000,"Buf@Bal 01:00PM ET",0,"Buf",0,192,"0",0,0,"2.9504"
"Jarvis Landry","WR",6000,"Mia@Sea 04:05PM ET",17.773,"Mia",16.6878,15,"0.1935",20.7018,13.53,"6.3897"
"Jason Witten","TE",4100,"NYG@Dal 04:25PM ET",10.331,"Dal",11.4252,9,"0.2434",12.4506,8.0803,"3.6777"
"Javontee Herndon","WR",3000,"SD@KC 01:00PM ET",5.475,"SD",0.8575,153,"0.0186",1.479,0,"5.2203"
"Javorius Allen","RB",3600,"Buf@Bal 01:00PM ET",9.419,"Bal",8.9584,40,"0.0746",15.1372,4.99,"5.2994"
"Jaxon Shipley","WR",3000,"NE@Ari 08:30PM ET",0,"Ari",0,192,"0",0,0,"null"
"Jay Ajayi","RB",4200,"Mia@Sea 04:05PM ET",4.744,"Mia",4.9697,59,"0.0932",5.3749,4.4,"null"
"Jay Cutler","QB",6300,"Chi@Hou 01:00PM ET",16.764,"Chi",14.3011,27,"0.2718",15.9021,12.93,"5.2378"
"Jay Prosch","RB",3000,"Chi@Hou 01:00PM ET",0.206,"Hou",0.2837,130,"0.0695",0.417,0.11,"null"
"Jeff Cumberland","TE",2500,"SD@KC 01:00PM ET",0.847,"SD",0.41,93,"0.0044",0.3717,0.2,"null"
"Jeff Janis","WR",3700,"GB@Jax 01:00PM ET",2.578,"GB",2.5638,123,"0.0242",5.8874,0,"8.5156"
"Jerell Adams","TE",2500,"NYG@Dal 04:25PM ET",0,"NYG",0.5035,89,"0.0627",0.8304,0,"null"
"Jeremy Butler","WR",3000,"Buf@Bal 01:00PM ET",8.413,"Bal",0,192,"0",0,0,"2.9504"
"Jeremy Hill","RB",4600,"Cin@NYJ 01:00PM ET",11.118,"Cin",10.3529,28,"0.1051",13.4436,6.94,"4.5976"
"Jeremy Kerley","WR",3000,"Det@Ind 04:25PM ET",2.7,"Det",4.6501,97,"0.2405",5.6983,2.6764,"5.7853"
"Jeremy Langford","RB",4700,"Chi@Hou 01:00PM ET",9.413,"Chi",12.1819,19,"0.2454",14.6776,9.4305,"4.789"
"Jeremy Maclin","WR",6500,"SD@KC 01:00PM ET",15.494,"KC",14.9193,24,"0.2092",17.5762,10.874,"6.5542"
"Jeremy Ross","WR",3000,"Cin@NYJ 01:00PM ET",1.364,"NYJ",0,192,"0",0,0,"2.9504"
"Jerick McKinnon","RB",4600,"Min@Ten 01:00PM ET",5.253,"Min",6.2387,54,"0.2668",7.5995,5,"null"
"Jermaine Gresham","TE",2500,"NE@Ari 08:30PM ET",2.724,"Ari",3.1115,52,"0.2349",3.6879,2.0712,"4.0475"
"Jermaine Kearse","WR",3500,"Mia@Sea 04:05PM ET",10.683,"Sea",8.3222,62,"0.2221",10.8417,5.5031,"6.5696"
"Jerome Cunningham","TE",2500,"Min@Ten 01:00PM ET",1.544,"Ten",0,109,"0",0,0,"null"
"Jerome Felton","RB",3000,"Buf@Bal 01:00PM ET",0.15,"Buf",0,142,"0",0,0,"null"
"Jerrod Johnson","QB",5000,"Buf@Bal 01:00PM ET",0,"Bal",0,76,"0",0,0,"3.5387"
"Jim Dray","TE",2500,"Buf@Bal 01:00PM ET",0.756,"Buf",1.7258,68,"0.1802",2.8268,0.7,"null"
"Jimmy Garoppolo","QB",6200,"NE@Ari 08:30PM ET",-0.052,"NE",16.8763,20,"0.61",19.2222,13.1,"7.4969"
"Jimmy Graham","TE",3800,"Mia@Sea 04:05PM ET",11.227,"Sea",6.989,23,"0.118",7.7923,4.62,"null"
"Joe Banyard","RB",3000,"GB@Jax 01:00PM ET",0,"Jax",0,142,"0",0,0,"null"
"Joe Flacco","QB",6700,"Buf@Bal 01:00PM ET",19.094,"Bal",15.5933,23,"0.287",16.6896,12.4305,"6.3941"
"Joey Iosefa","RB",3000,"NE@Ari 08:30PM ET",2.55,"NE",0,142,"0",0,0,"null"
"John Brown","WR",5200,"NE@Ari 08:30PM ET",13.659,"Ari",11.2127,40,"0.1845",13.4252,7.4491,"7.7606"
"John Crockett","RB",3000,"GB@Jax 01:00PM ET",0.7,"GB",0.08,137,"0.0181",0.0654,0,"null"
"Jonas Gray","RB",3000,"GB@Jax 01:00PM ET",4.025,"Jax",0,142,"0",0,0,"null"
"Jonathan Grimes","RB",3000,"Chi@Hou 01:00PM ET",6.013,"Hou",1.5909,97,"0.0538",2.367,0.6051,"8.1704"
"Jonathan Krause","WR",3000,"TB@Atl 01:00PM ET",1.55,"TB",0,192,"0",0,0,"2.9504"
"Jonathan Williams","RB",3000,"Buf@Bal 01:00PM ET",0,"Buf",0.5708,122,"0.0771",0.8225,0.06,"null"
"Jordan Cameron","TE",3000,"Mia@Sea 04:05PM ET",5.725,"Mia",7.0401,22,"0.0816",8.1935,5.2822,"4.1215"
"Jordan Howard","RB",3700,"Chi@Hou 01:00PM ET",0,"Chi",3.1706,76,"0.1394",4.382,0.3649,"4.8528"
"Jordan Leslie","WR",3000,"TB@Atl 01:00PM ET",0,"Atl",0,192,"0",0,0,"null"
"Jordan Matthews","WR",6700,"Cle@Phi 01:00PM ET",15.231,"Phi",12.4153,35,"0.0452",13.8433,9.4679,"6.4015"
"Jordan Payton","WR",3000,"Cle@Phi 01:00PM ET",0,"Cle",0.6324,163,"0.0198",0.7285,0.45,"3.211"
"Jordan Todman","RB",3000,"Det@Ind 04:25PM ET",0.715,"Ind",1.9375,92,"0.1648",3.3934,0,"3.194"
"Jordy Nelson","WR",7700,"GB@Jax 01:00PM ET",0,"GB",16.0175,20,"0.5322",18.462,11.5272,"7.8533"
"Josh Boyce","WR",3000,"Det@Ind 04:25PM ET",0,"Ind",0,192,"0",0,0,"2.9504"
"Josh Ferguson","RB",3500,"Det@Ind 04:25PM ET",0,"Ind",2.0574,89,"0.0645",3.1243,0.25,"7.7238"
"Josh Gordon","WR",6800,"Cle@Phi 01:00PM ET",0,"Cle",0,192,"0",0,0,"2.9504"
"Josh Hill","TE",2500,"Oak@NO 01:00PM ET",2.5,"NO",4.146,40,"0.1045",6.5628,2,"5.823"
"Josh Huff","WR",3000,"Cle@Phi 01:00PM ET",5.08,"Phi",4.495,98,"0.1998",5.5602,3.09,"7.2775"
"Josh Johnson","QB",5000,"Buf@Bal 01:00PM ET",0,"Bal",0,76,"0",0,0,"3.5387"
"Josh McCown","QB",5000,"Cle@Phi 01:00PM ET",18.895,"Cle",3.4454,35,"1.6765",6.9662,-0.72,"7.5127"
"Julian Edelman","WR",6100,"NE@Ari 08:30PM ET",19.355,"NE",13.8303,29,"0.3767",14.2533,12.0263,"4.4396"
"Julio Jones","WR",9400,"TB@Atl 01:00PM ET",25.194,"Atl",22.8713,2,"2.1499",24.5663,18.89,"6.7046"
"Julius Thomas","TE",3800,"GB@Jax 01:00PM ET",10.375,"Jax",11.2725,10,"0.1949",13.5422,7.8504,"3.9736"
"Justin Forsett","RB",4600,"Buf@Bal 01:00PM ET",12.84,"Bal",9.5622,35,"0.2764",12.302,5.4,"5.427"
"Justin Hardy","WR",3100,"TB@Atl 01:00PM ET",4.489,"Atl",6.1048,81,"0.2004",8.6381,3,"7.0452"
"Justin Hunter","WR",3000,"Min@Ten 01:00PM ET",6.044,"Ten",1.1651,146,"0.0434",1.5403,0.45,"3.8834"
"Justin Perillo","TE",2500,"GB@Jax 01:00PM ET",2.72,"GB",0.778,81,"0.0257",0.876,0.68,"null"
"Kaelin Clay","WR",3000,"Buf@Bal 01:00PM ET",0.857,"Bal",0,192,"0",0,0,"2.9504"
"Kain Colter","WR",3000,"Buf@Bal 01:00PM ET",0,"Buf",0,192,"0",0,0,"2.9504"
"Kamar Aiken","WR",4700,"Buf@Bal 01:00PM ET",12.588,"Bal",9.3472,53,"0.166",10.3537,6.9586,"4.5556"
"Karlos Williams","RB",3200,"Buf@Bal 01:00PM ET",11.936,"Buf",0,142,"0",0,0,"null"
"Kasen Williams","WR",3000,"Mia@Sea 04:05PM ET",0.575,"Sea",0,192,"0",0,0,"null"
"Kasen Williams","WR",3000,"Mia@Sea 04:05PM ET",0.575,"Sea",0,192,"0",0,0,"null"
"Keenan Allen","WR",8000,"SD@KC 01:00PM ET",21.438,"SD",17.8739,6,"0.2542",20.5375,13.7931,"10.5125"
"Keith Mumphery","WR",3000,"Chi@Hou 01:00PM ET",1.582,"Hou",0.9781,151,"0.1046",1.348,0.46,"3.3154"
"Keith Wenning","QB",5000,"Cin@NYJ 01:00PM ET",0,"Cin",0,76,"0",0,0,"3.5387"
"Kellen Clemens","QB",5000,"SD@KC 01:00PM ET",3.21,"SD",0.2671,56,"0.0265",0.4508,0.012,"4.0629"
"Kellen Davis","TE",2500,"Cin@NYJ 01:00PM ET",0.675,"NYJ",3.3871,47,"0.1052",4.4531,1.21,"6.5628"
"Kellen Moore","QB",5000,"NYG@Dal 04:25PM ET",14.353,"Dal",0,76,"0",0,0,"3.5387"
"Kenbrell Thompkins","WR",3000,"Cin@NYJ 01:00PM ET",4.786,"NYJ",0.5826,167,"0.0041",0.9875,0,"4.4557"
"Kendall Wright","WR",3400,"Min@Ten 01:00PM ET",9.95,"Ten",1.715,135,"0.0458",2.958,0,"7.4902"
"Kenjon Barner","RB",3000,"Cle@Phi 01:00PM ET",2.055,"Phi",2.043,90,"0.1029",3.0824,0.15,"6.065"
"Kennard Backman","TE",2500,"GB@Jax 01:00PM ET",0,"GB",0,109,"0",0,0,"null"
"Kenneth Dixon","RB",3400,"Buf@Bal 01:00PM ET",0,"Bal",0,142,"0",0,0,"null"
"Kenny Bell","WR",3400,"TB@Atl 01:00PM ET",0,"TB",0,192,"0",0,0,"2.9504"
"Kenny Hilliard","RB",3000,"Chi@Hou 01:00PM ET",0,"Hou",0,142,"0",0,0,"null"
"Kenny Lawler","WR",3000,"Mia@Sea 04:05PM ET",0,"Sea",0,192,"0",0,0,"2.9504"
"Kenny Stills","WR",3200,"Mia@Sea 04:05PM ET",5.563,"Mia",8.0172,64,"0.0883",10.178,5.17,"6.535"
"Kenyan Drake","RB",3000,"Mia@Sea 04:05PM ET",0,"Mia",1.5687,98,"0.0807",2.4122,0.02,"null"
"Kerwynn Williams","RB",3000,"NE@Ari 08:30PM ET",3.8,"Ari",0,142,"0",0,0,"null"
"Keshawn Martin","WR",3000,"NE@Ari 08:30PM ET",6.382,"NE",0,192,"0",0,0,"2.9504"
"Kevin Hogan","QB",5000,"SD@KC 01:00PM ET",0,"KC",0,76,"0",0,0,"3.5387"
"Kevin Smith","WR",3000,"Mia@Sea 04:05PM ET",1.267,"Sea",0,192,"0",0,0,"null"
"Kevin White","WR",5200,"Chi@Hou 01:00PM ET",0,"Chi",8.7578,57,"0.1404",11.5976,4.05,"8.3982"
"Khari Lee","TE",2500,"Chi@Hou 01:00PM ET",0.106,"Chi",2.15,64,"0.1449",2.15,2.15,"null"
"Khiry Robinson","RB",3000,"Cin@NYJ 01:00PM ET",8.813,"NYJ",1.2796,104,"0.05",1.7848,0,"2.3646"
"Knile Davis","RB",3100,"SD@KC 01:00PM ET",1.881,"KC",2.3069,84,"0.0943",4.153,0.8,"7.4686"
"Kolby Listenbee","WR",3000,"Buf@Bal 01:00PM ET",0,"Buf",0,192,"0",0,0,"2.9504"
"Kyle Juszczyk","RB",3100,"Buf@Bal 01:00PM ET",6.088,"Bal",3.0613,77,"0.0756",3.668,1.86,"4.2786"
"Kyle Rudolph","TE",3000,"Min@Ten 01:00PM ET",7.935,"Min",7.1315,21,"0.1169",7.7726,6.1332,"4.1955"
"Lamar Miller","RB",7000,"Chi@Hou 01:00PM ET",15.119,"Hou",17.1308,4,"0.2991",19.3773,10.2618,"2.556"
"Lance Dunbar","RB",3000,"NYG@Dal 04:25PM ET",13.05,"Dal",3.001,78,"0.2103",4.9112,0,"null"
"Laquon Treadwell","WR",4500,"Min@Ten 01:00PM ET",0,"Min",5.7988,85,"0.1492",8.3583,2.019,"6.961"
"Larry Donnell","TE",2900,"NYG@Dal 04:25PM ET",7.913,"NYG",5.5385,31,"0.1587",7.8559,2.4068,"5.749"
"Larry Fitzgerald","WR",6300,"NE@Ari 08:30PM ET",18.506,"Ari",15.1255,23,"0.2861",16.8452,11.97,"6.0996"
"Latavius Murray","RB",5600,"Oak@NO 01:00PM ET",13.238,"Oak",14.1618,11,"0.3224",15.2791,10.5414,"3.0026"
"Lee Smith","TE",2500,"Oak@NO 01:00PM ET",1.667,"Oak",2.238,62,"0.0866",3.7885,0.57,"null"
"LeGarrette Blount","RB",3700,"NE@Ari 08:30PM ET",10.467,"NE",9.0397,38,"0.0424",11.306,4.8932,"5.2994"
"Leonard Hankerson","WR",3300,"Buf@Bal 01:00PM ET",7.97,"Buf",0,192,"0",0,0,"2.9504"
"Leonte Carroo","WR",3200,"Mia@Sea 04:05PM ET",0,"Mia",3.6402,110,"0.0619",5.6409,1.16,"7.5607"
"LeSean McCoy","RB",6400,"Buf@Bal 01:00PM ET",15.808,"Buf",14.7978,10,"0.7939",18.1175,10.78,"3.513"
"Levine Toilolo","TE",2500,"TB@Atl 01:00PM ET",0.838,"Atl",0.5536,87,"0.034",0.8537,0,"null"
"Logan Thomas","QB",5000,"NYG@Dal 04:25PM ET",0,"NYG",0,76,"0",0,0,"3.5387"
"Lorenzo Taliaferro","RB",3200,"Buf@Bal 01:00PM ET",6.2,"Bal",0,142,"0",0,0,"null"
"Louis Murphy","WR",3000,"TB@Atl 01:00PM ET",4.967,"TB",0,192,"0",0,0,"null"
"Lucky Whitehead","WR",3000,"NYG@Dal 04:25PM ET",1.153,"Dal",1.6294,138,"0.1267",1.8674,1.24,"2.8315"
"Luke McCown","QB",5000,"Oak@NO 01:00PM ET",1.925,"NO",0.1329,63,"0.0138",0.2613,0.004,"3.8335"
"Luke Stocker","TE",2500,"TB@Atl 01:00PM ET",1.507,"TB",0.5945,86,"0.0497",0.6933,0.41,"null"
"Luke Willson","TE",2700,"Mia@Sea 04:05PM ET",3.58,"Sea",4.7487,37,"0.4901",6.094,2.9192,"5.1572"
"Malcolm Johnson","RB",3000,"Cle@Phi 01:00PM ET",0.458,"Cle",0.2,132,"0.01",0.2,0.2,"null"
"Malcolm Mitchell","WR",3000,"NE@Ari 08:30PM ET",0,"NE",3.0052,119,"0.0392",4.0768,2.0093,"4.4419"
"Marc Mariani","WR",3000,"Chi@Hou 01:00PM ET",3.188,"Chi",1.8069,133,"0.0919",4.4187,0,"9.324"
"Marcedes Lewis","TE",2700,"GB@Jax 01:00PM ET",2.413,"Jax",2.5704,58,"0.0875",3.1476,1.98,"4.0475"
"Marcel Reece","RB",3000,"Oak@NO 01:00PM ET",5.233,"Oak",1.2163,106,"0.1185",1.9114,0,"null"
"Marcus Easley","WR",3000,"Buf@Bal 01:00PM ET",0.985,"Buf",0,192,"0",0,0,"2.9504"
"Marcus Mariota","QB",6400,"Min@Ten 01:00PM ET",19.668,"Ten",15.9782,22,"0.4532",16.8483,13.24,"6.2136"
"Marcus Murphy","RB",3000,"Oak@NO 01:00PM ET",0.385,"NO",0.1995,133,"0.0641",0.4184,0,"null"
"Mario Alford","WR",3000,"Cin@NYJ 01:00PM ET",2.5,"Cin",0,192,"0",0,0,"2.9504"
"Mark Ingram","RB",6600,"Oak@NO 01:00PM ET",17.283,"NO",16.9516,5,"0.5315",20.6545,13.31,"2.7474"
"Marlon Moore","WR",3000,"Cle@Phi 01:00PM ET",1.507,"Cle",0,192,"0",0,0,"null"
"Marqise Lee","WR",3100,"GB@Jax 01:00PM ET",4.39,"Jax",5.5898,87,"0.0374",7.4324,3.13,"6.113"
"MarQueis Gray","TE",2500,"Mia@Sea 04:05PM ET",0.3,"Mia",0.2994,99,"0.0235",0.5254,0,"null"
"Marquess Wilson","WR",3700,"Chi@Hou 01:00PM ET",7.582,"Chi",1.67,136,"0.0212",1.67,1.67,"null"
"Marquise Goodwin","WR",3000,"Buf@Bal 01:00PM ET",2.2,"Buf",2.8606,122,"0.3023",4.8831,0.0093,"7.066"
"Marshaun Coprich","RB",3000,"NYG@Dal 04:25PM ET",0,"NYG",0,142,"0",0,0,"null"
"Martellus Bennett","TE",3400,"NE@Ari 08:30PM ET",10.445,"NE",12.0445,6,"0.2249",14.6317,8.1999,"5.0092"
"Matt Asiata","RB",3300,"Min@Ten 01:00PM ET",2.688,"Min",2.5556,81,"0.2236",3.5802,1.0189,"6.1288"
"Matt Barkley","QB",5000,"NE@Ari 08:30PM ET",0,"Ari",0,76,"0",0,0,"3.5387"
"Matt Cassel","QB",5000,"Min@Ten 01:00PM ET",7.384,"Ten",0.4633,49,"0.041",0.7707,0.166,"4.3982"
"Matt Forte","RB",6100,"Cin@NYJ 01:00PM ET",16.823,"NYJ",13.846,12,"0.182",15.4795,11.47,"null"
"Matt Hazel","WR",3000,"Mia@Sea 04:05PM ET",0,"Mia",0,192,"0",0,0,"2.9504"
"Matt LaCosse","TE",2500,"NYG@Dal 04:25PM ET",2.6,"NYG",0,109,"0",0,0,"null"
"Matt McGloin","QB",5000,"Oak@NO 01:00PM ET",5.84,"Oak",0.6481,43,"0.0432",1.291,0.048,"5.2569"
"Matt Moore","QB",5000,"Mia@Sea 04:05PM ET",0.36,"Mia",0.0996,66,"0.0402",0.1603,0.008,"3.6835"
"Matt Ryan","QB",7100,"TB@Atl 01:00PM ET",16.871,"Atl",18.3414,13,"0.2913",19.23,17.272,"6.1153"
"Matt Schaub","QB",5000,"TB@Atl 01:00PM ET",16.8,"Atl",0.139,62,"0.0098",0.2902,-0.048,"3.8547"
"Matt Simms","QB",5000,"TB@Atl 01:00PM ET",0,"Atl",0,76,"0",0,0,"3.5387"
"Matthew Mulligan","TE",2500,"Det@Ind 04:25PM ET",0.1,"Det",0,109,"0",0,0,"null"
"Matthew Slater","WR",3000,"NE@Ari 08:30PM ET",0,"NE",0.1481,186,"0.0204",0.3385,0,"3.3209"
"Matthew Stafford","QB",7200,"Det@Ind 04:25PM ET",19.674,"Det",18.8789,11,"0.5088",19.7604,15.45,"7.044"
"Matthew Tucker","RB",3000,"Cin@NYJ 01:00PM ET",0,"NYJ",0,142,"0",0,0,"null"
"Maxx Williams","TE",2600,"Buf@Bal 01:00PM ET",4.629,"Bal",3.9356,44,"0.2178",5.0041,2.8,"null"
"Melvin Gordon","RB",4600,"SD@KC 01:00PM ET",8.021,"SD",10.2682,29,"0.0883",11.1422,8.5155,"4.0872"
"Michael Burton","RB",3000,"Det@Ind 04:25PM ET",1.006,"Det",1.735,95,"0.0908",2.735,0.5238,"null"
"Michael Campanaro","WR",3000,"Buf@Bal 01:00PM ET",4.05,"Bal",0,192,"0",0,0,"2.9504"
"Michael Crabtree","WR",5500,"Oak@NO 01:00PM ET",15.013,"Oak",15.5372,21,"0.2577",17.5236,14.01,"4.9012"
"Michael Floyd","WR",5900,"NE@Ari 08:30PM ET",12.482,"Ari",14.4296,28,"0.7487",18.0153,12.2,"6.2707"
"Michael Hoomanawanui","TE",2500,"Oak@NO 01:00PM ET",2.543,"NO",1.17,74,"0.1271",1.0661,0.6,"null"
"Michael Thomas","WR",4000,"Oak@NO 01:00PM ET",0,"NO",8.347,61,"0.0943",10.7021,3.11,"8.3818"
"Mike Evans","WR",7400,"TB@Atl 01:00PM ET",15.107,"TB",17.3593,10,"0.1825",21.1717,13.7073,"6.563"
"Mike Gillislee","RB",3800,"Buf@Bal 01:00PM ET",10.52,"Buf",3.7605,68,"0.1181",5.5945,0.7998,"null"
"Mike Glennon","QB",5000,"TB@Atl 01:00PM ET",0,"TB",0.6114,44,"0.0133",1.1069,0.158,"4.9993"
"Mike James","RB",3000,"TB@Atl 01:00PM ET",0,"TB",0,142,"0",0,0,"null"
"Mike Wallace","WR",4200,"Buf@Bal 01:00PM ET",5.935,"Bal",7.8996,66,"0.3404",9.0638,5.9647,"4.938"
"Mike Williams","WR",3000,"SD@KC 01:00PM ET",0,"KC",0,192,"0",0,0,"null"
"Mitchell Henry","TE",2500,"GB@Jax 01:00PM ET",0,"GB",0,109,"0",0,0,"null"
"Mohamed Sanu","WR",5100,"TB@Atl 01:00PM ET",5.659,"Atl",9.7457,48,"0.1412",10.8151,7.401,"5.189"
"Moritz Boehringer","WR",3000,"Min@Ten 01:00PM ET",0,"Min",0,192,"0",0,0,"2.9504"
"Mychal Rivera","TE",2600,"Oak@NO 01:00PM ET",4.125,"Oak",4.796,36,"0.2657",5.9056,3.16,"5.897"
"MyCole Pruitt","TE",2500,"Min@Ten 01:00PM ET",1.359,"Min",2.4128,60,"0.1221",2.4568,1.5,"null"
"Myles White","WR",3000,"NYG@Dal 04:25PM ET",1.817,"NYG",0.46,173,"0.0706",0.46,0.46,"null"
"Nate Washington","WR",3000,"NE@Ari 08:30PM ET",9.607,"NE",0,192,"0",0,0,"2.6357"
"Nathan Palmer","WR",3000,"Oak@NO 01:00PM ET",0,"Oak",0,192,"0",0,0,"null"
"Neal Sterling","WR",3000,"GB@Jax 01:00PM ET",0,"Jax",0.0993,189,"0.0398",0.1713,0,"3.2132"
"Nelson Agholor","WR",3500,"Cle@Phi 01:00PM ET",4.331,"Phi",6.3536,77,"0.1152",7.5729,4.24,"5.2743"
"Nic Jacobs","TE",2500,"GB@Jax 01:00PM ET",0.145,"Jax",0,109,"0",0,0,"null"
"Nick Boyle","TE",2500,"Buf@Bal 01:00PM ET",3.209,"Bal",0,109,"0",0,0,"null"
"Nick Foles","QB",5000,"SD@KC 01:00PM ET",9.825,"KC",0.5976,46,"0.059",1.1718,0.08,"4.8265"
"Nick Vannett","TE",2500,"Mia@Sea 04:05PM ET",0,"Sea",0,109,"0",0,0,"null"
"Nick Williams","WR",3000,"TB@Atl 01:00PM ET",3.207,"Atl",0.6237,164,"0.0238",0.9442,0,"4.3362"
"Nikita Whitlock","RB",3000,"NYG@Dal 04:25PM ET",0,"NYG",0.0903,135,"0.0051",0.1557,0,"null"
"Orleans Darkwa","RB",3000,"NYG@Dal 04:25PM ET",1.713,"NYG",2.0641,88,"0.0138",2.9654,0.1831,"4.5976"
"Orson Charles","TE",2500,"Det@Ind 04:25PM ET",0,"Det",0.1354,107,"0.0741",0.2335,0,"null"
"Patrick DiMarco","RB",3000,"TB@Atl 01:00PM ET",2.25,"Atl",1.6977,96,"0.1179",2.4254,1.02,"4.789"
"Paul Perkins","RB",3200,"NYG@Dal 04:25PM ET",0,"NYG",3.3769,73,"0.0958",4.8626,0.607,"6.7668"
"Paul Richardson","WR",3000,"Mia@Sea 04:05PM ET",5,"Sea",3.356,115,"0.128",3.8396,2.51,"4.7269"
"Paul Turner","WR",3000,"Cle@Phi 01:00PM ET",0,"Phi",0,192,"0",0,0,"2.9504"
"Peyton Barber","RB",3000,"TB@Atl 01:00PM ET",0,"TB",0.6439,120,"0.0378",1.4151,0,"null"
"Philip Rivers","QB",7000,"SD@KC 01:00PM ET",20.218,"SD",16.5543,21,"0.7685",18.1889,13.84,"7.7443"
"Phillip Dorsett","WR",4500,"Det@Ind 04:25PM ET",4.291,"Ind",9.5149,51,"0.153",11.0743,7.6156,"5.5477"
"Phillip Supernaw","TE",2500,"Min@Ten 01:00PM ET",0.325,"Ten",0.3726,96,"0.043",0.8588,0,"null"
"Quan Bray","WR",3000,"Det@Ind 04:25PM ET",0,"Ind",2.2382,128,"0.1044",2.9276,1.2827,"7.7237"
"Quincy Enunwa","WR",3800,"Cin@NYJ 01:00PM ET",4.458,"NYJ",5.586,88,"0.0993",7.5794,3.33,"7.4527"
"R.J. Harris","WR",3000,"Oak@NO 01:00PM ET",0,"NO",0,192,"0",0,0,"null"
"Raheem Mostert","RB",3000,"Cle@Phi 01:00PM ET",-0.091,"Cle",0.1805,134,"0.0903",0.3114,0,"null"
"Rajion Neal","RB",3000,"Cle@Phi 01:00PM ET",0,"Cle",0,142,"0",0,0,"null"
"Randall Cobb","WR",7600,"GB@Jax 01:00PM ET",12.617,"GB",14.6605,26,"0.1266",17.1342,9.5247,"6.0326"
"Randall Telfer","TE",2500,"Cle@Phi 01:00PM ET",0,"Cle",0.7354,83,"0.032",1.3564,0,"null"
"Rannell Hall","WR",3000,"Cle@Phi 01:00PM ET",0,"Cle",0,192,"0",0,0,"null"
"Rashad Greene","WR",3500,"GB@Jax 01:00PM ET",5.144,"Jax",4.6822,96,"0.1096",6.8777,2.34,"5.9781"
"Rashad Jennings","RB",5400,"NYG@Dal 04:25PM ET",10.806,"NYG",11.6946,21,"0.0408",13.524,8.2171,"4.8528"
"Rashard Higgins","WR",3000,"Cle@Phi 01:00PM ET",0,"Cle",3.0961,118,"0.0935",3.4627,1.1571,"5.1046"
"RaShaun Allen","TE",2500,"Oak@NO 01:00PM ET",0,"NO",0,109,"0",0,0,"null"
"Rasheed Bailey","WR",3000,"GB@Jax 01:00PM ET",0,"Jax",0,192,"0",0,0,"null"
"Reggie Bush","RB",3500,"Buf@Bal 01:00PM ET",1.74,"Buf",4.5931,64,"0.3278",5.0006,4.04,"6.4478"
"Rex Burkhead","RB",3000,"Cin@NYJ 01:00PM ET",1.571,"Cin",1.0794,108,"0.0464",1.4336,0.39,"null"
"Rhett Ellison","TE",2500,"Min@Ten 01:00PM ET",1.96,"Min",1.98,66,"0.1721",2.862,0.84,"null"
"Ricardo Louis","WR",3000,"Cle@Phi 01:00PM ET",0,"Cle",0.8442,154,"0.0466",1.3209,0.43,"3.9933"
"Richard Rodgers","TE",3100,"GB@Jax 01:00PM ET",9.761,"GB",5.2808,33,"0.4294",7.115,3.05,"4.7133"
"Rico Gathers","TE",2500,"NYG@Dal 04:25PM ET",0,"Dal",0,109,"null",0,0,"null"
"Rishard Matthews","WR",3300,"Min@Ten 01:00PM ET",12.691,"Ten",9.6491,49,"0.1117",13.3349,6.7203,"6.821"
"Rob Gronkowski","TE",7400,"NE@Ari 08:30PM ET",19.371,"NE",16.0246,1,"1.0521",17.0353,10.9,"null"
"Rob Housler","TE",2500,"Chi@Hou 01:00PM ET",0.73,"Chi",0,109,"0",0,0,"null"
"Robby Anderson","WR",3000,"Cin@NYJ 01:00PM ET",0,"NYJ",2.3299,126,"0.0627",3.4292,0.0238,"10.6176"
"Robert Hughes","RB",3000,"Cle@Phi 01:00PM ET",0,"Cle",0,142,"0",0,0,"null"
"Robert Turbin","RB",3000,"Det@Ind 04:25PM ET",3.52,"Ind",3.5478,70,"0.0711",5.0362,1.56,"6.703"
"Robert Woods","WR",4600,"Buf@Bal 01:00PM ET",8.729,"Buf",7.7563,67,"0.4596",8.5678,5.4685,"5.5254"
"Rod Smith","RB",3000,"NYG@Dal 04:25PM ET",0.191,"Dal",0.0903,135,"0.011",0.1557,0,"null"
"Rod Streater","WR",3000,"SD@KC 01:00PM ET",1.8,"KC",4.0211,105,"0.2329",6.0591,0.72,"9.8985"
"Rodney Smith","WR",3000,"NYG@Dal 04:25PM ET",0,"Dal",0,192,"0",0,0,"2.9504"
"Roger Lewis","WR",3000,"NYG@Dal 04:25PM ET",0,"NYG",0.578,169,"0.0423",1.1342,0,"4.1167"
"Rueben Randle","WR",3300,"Cle@Phi 01:00PM ET",11.731,"Phi",0,192,"0",0,0,"2.8431"
"Russell Shepard","WR",3000,"TB@Atl 01:00PM ET",0.908,"TB",0.3058,180,"0.0199",0.4129,0.19,"3.1565"
"Russell Wilson","QB",7900,"Mia@Sea 04:05PM ET",21.771,"Sea",21.963,1,"0.5921",23.0036,20.86,"5.0197"
"Ryan Fitzpatrick","QB",6500,"Cin@NYJ 01:00PM ET",19.075,"NYJ",17.0912,19,"0.376",18.4671,14.63,"6.4673"
"Ryan Griffin","QB",5000,"TB@Atl 01:00PM ET",0,"TB",4.8065,35,"0.0341",5.6968,2.99,"4.0475"
"Ryan Griffin","QB",5000,"TB@Atl 01:00PM ET",0,"TB",0,76,"0",0,0,"3.5387"
"Ryan Griffin","TE",2600,"Chi@Hou 01:00PM ET",6.3,"Hou",4.8065,35,"0.0341",5.6968,2.99,"4.0475"
"Ryan Griffin","TE",2600,"Chi@Hou 01:00PM ET",6.3,"Hou",0,76,"0",0,0,"3.5387"
"Ryan Hewitt","TE",2500,"Cin@NYJ 01:00PM ET",1.119,"Cin",3.2498,49,"0.0742",5.4679,0.4,"null"
"Ryan Mallett","QB",5000,"Buf@Bal 01:00PM ET",9.618,"Bal",0.2915,54,"0.0227",0.5213,0.112,"4.0082"
"Ryan Mathews","RB",5700,"Cle@Phi 01:00PM ET",10.038,"Phi",12.1785,20,"0.4904",13.745,7.636,"3.6406"
"Ryan Nassib","QB",5000,"NYG@Dal 04:25PM ET",6.72,"NYG",0.2539,57,"0.0274",0.4173,0.024,"3.9863"
"Ryan Tannehill","QB",5900,"Mia@Sea 04:05PM ET",18.208,"Mia",14.3002,28,"1.1551",15.6715,12.38,"6.0441"
"Sam Bradford","QB",6400,"Cle@Phi 01:00PM ET",16.207,"Phi",5.7472,33,"2.2992",12.3326,0,"14.0486"
"Sammy Watkins","WR",6900,"Buf@Bal 01:00PM ET",17.985,"Buf",17.0823,12,"0.0954",20.4648,14.2322,"8.6243"
"Scott Tolzien","QB",5000,"Det@Ind 04:25PM ET",-0.047,"Ind",0.3569,53,"0.0758",0.694,0.008,"4.3269"
"Sean McGrath","TE",2500,"SD@KC 01:00PM ET",0,"SD",0.276,100,"0.0116",0.6065,0,"null"
"Sean Renfree","QB",5000,"TB@Atl 01:00PM ET",-0.48,"Atl",0,76,"0",0,0,"3.5387"
"Seantavius Jones","WR",3000,"SD@KC 01:00PM ET",0,"KC",0,192,"0",0,0,"2.9504"
"Senorise Perry","RB",3000,"Chi@Hou 01:00PM ET",0,"Chi",0,142,"0",0,0,"null"
"Seth Roberts","WR",3800,"Oak@NO 01:00PM ET",7.188,"Oak",6.2621,78,"0.0993",7.1512,4.3031,"5.4105"
"Shane Vereen","RB",3800,"NYG@Dal 04:25PM ET",9.9,"NYG",10.0646,32,"0.2048",11.3321,7.9679,"3.9596"
"Shaq Evans","WR",3000,"GB@Jax 01:00PM ET",0,"Jax",0,192,"0",0,0,"null"
"Shaun Hill","QB",5000,"Min@Ten 01:00PM ET",0.033,"Min",12.5318,30,"1.6139",13.7643,11.32,"4.3205"
"Spencer Ware","RB",4400,"SD@KC 01:00PM ET",7.577,"KC",13.4155,15,"0.6647",15.5374,11.2307,"6.5754"
"Stefon Diggs","WR",4800,"Min@Ten 01:00PM ET",11.607,"Min",12.1447,38,"0.9311",14.5102,8.4354,"5.8993"
"Stepfan Taylor","RB",3000,"NE@Ari 08:30PM ET",0.4,"Ari",0.3774,126,"0.07",0.6183,0,"null"
"Stephen Anderson","TE",2500,"Chi@Hou 01:00PM ET",0,"Hou",0.276,100,"0.0294",0.6065,0,"null"
"Stephen Morris","QB",5000,"Det@Ind 04:25PM ET",0,"Ind",0,76,"0",0,0,"3.5387"
"Sterling Shepard","WR",4900,"NYG@Dal 04:25PM ET",0,"NYG",12.3949,36,"0.1499",14.87,8.8467,"6.6016"
"Stevan Ridley","RB",3000,"Det@Ind 04:25PM ET",1.422,"Det",0,142,"0",0,0,"null"
"Storm Johnson","RB",3000,"TB@Atl 01:00PM ET",0,"TB",0,142,"0",0,0,"null"
"T.J. Graham","WR",3000,"Cle@Phi 01:00PM ET",1.6,"Phi",0,192,"0",0,0,"2.9504"
"T.J. Yeldon","RB",4100,"GB@Jax 01:00PM ET",13.492,"Jax",8.1517,44,"0.1703",10.4749,4.0738,"4.4062"
"T.Y. Hilton","WR",7500,"Det@Ind 04:25PM ET",13.588,"Ind",17.0472,13,"0.2399",19.9849,13.51,"6.3374"
"Taiwan Jones","RB",3000,"Oak@NO 01:00PM ET",2.5,"Oak",1.9427,91,"0.0693",2.9686,0.5352,"4.0872"
"Tajae Sharpe","WR",3000,"Min@Ten 01:00PM ET",0,"Ten",10.5556,45,"0.4163",13.4125,7.2751,"6.8484"
"Tavarres King","WR",3000,"NYG@Dal 04:25PM ET",0,"NYG",0.7319,158,"0.0311",1.3845,0,"4.3415"
"Taylor Gabriel","WR",3000,"Cle@Phi 01:00PM ET",4.085,"Cle",0.8335,155,"0.0752",1.6495,0,"4.7833"
"Teddy Bridgewater","QB",6000,"Min@Ten 01:00PM ET",13.193,"Min",0,76,"0",0,0,"3.5387"
"Terrance West","RB",4100,"Buf@Bal 01:00PM ET",3.4,"Bal",6.8923,49,"0.3586",7.6288,4.197,"4.9804"
"Terrance Williams","WR",3300,"NYG@Dal 04:25PM ET",9.813,"Dal",9.1496,55,"0.3562",10.5855,7,"6.3103"
"Terrelle Pryor","WR",3000,"Cle@Phi 01:00PM ET",1.7,"Cle",3,120,"0.1037",3,3,"null"
"Terrelle Pryor","WR",3000,"Cle@Phi 01:00PM ET",1.7,"Cle",0.15,61,"0.014",0.15,0.15,"null"
"Terron Ward","RB",3000,"TB@Atl 01:00PM ET",2.446,"Atl",1.0531,109,"0.0447",1.2902,0.7,"null"
"Tevin Coleman","RB",4200,"TB@Atl 01:00PM ET",4.05,"Atl",6.286,52,"0.0341",7.4019,3.9606,"4.5338"
"Theo Riddick","RB",4000,"Det@Ind 04:25PM ET",11.25,"Det",11.6816,22,"0.1007",14.4961,7.61,"3.7044"
"Thomas Duarte","TE",2500,"Mia@Sea 04:05PM ET",0,"Mia",0,109,"0",0,0,"null"
"Thomas Rawls","RB",6000,"Mia@Sea 04:05PM ET",10.815,"Sea",6.991,48,"0.1901",9.3359,3.9373,"null"
"Tim Hightower","RB",4300,"Oak@NO 01:00PM ET",11.175,"NO",6.7095,50,"0.3875",11.4892,2.7404,"4.8528"
"Titus Davis","WR",3000,"Cin@NYJ 01:00PM ET",0,"NYJ",0,192,"0",0,0,"null"
"Tom Brady","QB",7400,"NE@Ari 08:30PM ET",23.504,"NE",0,76,"0",0,0,"3.5387"
"Tom Savage","QB",5000,"Chi@Hou 01:00PM ET",0,"Hou",0.3598,52,"0.0356",0.7828,-0.02,"4.7191"
"Tommy Bohanon","RB",3000,"Cin@NYJ 01:00PM ET",0.613,"NYJ",0,142,"0",0,0,"null"
"Tony Moeaki","TE",2500,"Chi@Hou 01:00PM ET",1.345,"Chi",0,109,"0",0,0,"null"
"Tony Romo","QB",6800,"NYG@Dal 04:25PM ET",12.915,"Dal",0,76,"0",0,0,"3.5387"
"Tony Washington","WR",3000,"GB@Jax 01:00PM ET",0.2,"Jax",0,192,"0",0,0,"null"
"Travaris Cadet","RB",3000,"Oak@NO 01:00PM ET",6.6,"NO",0.6889,118,"0.0225",1.1262,0,"null"
"Travis Benjamin","WR",4100,"SD@KC 01:00PM ET",13.05,"SD",8.4736,60,"0.139",10.1562,5.2621,"5.0871"
"Travis Kelce","TE",5000,"SD@KC 01:00PM ET",12.589,"KC",14.3054,3,"0.5692",16.6484,11.78,"2.9379"
"Tre Madden","RB",3000,"Mia@Sea 04:05PM ET",0,"Sea",0,142,"0.2257",0,0,"null"
"Tre McBride","WR",3000,"Min@Ten 01:00PM ET",1.371,"Ten",0,192,"0",0,0,"null"
"Trevone Boykin","QB",5000,"Mia@Sea 04:05PM ET",0,"Sea",0.5986,45,"0.0019",1.1335,-0.024,"4.86"
"Trevor Davis","WR",3000,"GB@Jax 01:00PM ET",0,"GB",1.0798,148,"0.0931",1.5879,0.52,"4.1381"
"Trey Burton","TE",2500,"Cle@Phi 01:00PM ET",0.525,"Phi",1.6603,69,"0.3225",2.5921,0,"null"
"Trey Williams","RB",3000,"Det@Ind 04:25PM ET",0.6,"Ind",0,142,"0",0,0,"null"
"Troy Niklas","TE",2500,"NE@Ari 08:30PM ET",1.072,"Ari",0.6885,85,"0.1145",0.8357,0.41,"3.6777"
"Ty Montgomery","WR",3600,"GB@Jax 01:00PM ET",7,"GB",3.5141,113,"0.152",5.7008,1.849,"5.7217"
"Tyler Boyd","WR",3600,"Cin@NYJ 01:00PM ET",0,"Cin",7.9582,65,"0.1302",9.8167,4.9876,"5.7027"
"Tyler Bray","QB",5000,"SD@KC 01:00PM ET",0,"KC",0,76,"0",0,0,"3.5387"
"Tyler Eifert","TE",4700,"Cin@NYJ 01:00PM ET",14.664,"Cin",0,109,"0",0,0,"null"
"Tyler Ervin","RB",3000,"Chi@Hou 01:00PM ET",0,"Hou",3.358,74,"0.1706",4.1353,1.52,"5.0442"
"Tyler Gaffney","RB",3000,"NE@Ari 08:30PM ET",0,"NE",0,142,"0",0,0,"null"
"Tyler Kroft","TE",2700,"Cin@NYJ 01:00PM ET",1.759,"Cin",6.814,25,"0.2509",7.8692,3.4636,"null"
"Tyler Lockett","WR",5000,"Mia@Sea 04:05PM ET",10.578,"Sea",12.6172,33,"0.1764",14.4703,7.9575,"6.2108"
"Tyreek Hill","WR",3000,"SD@KC 01:00PM ET",0,"KC",1.2403,145,"0.076",2.4376,0.02,"4.9851"
"Tyrell Williams","WR",3000,"SD@KC 01:00PM ET",2.429,"SD",5.0387,93,"0.0715",7.0582,0.7261,"5.7063"
"Tyrod Taylor","QB",6900,"Buf@Bal 01:00PM ET",19.9,"Buf",18.91,9,"0.0206",22.0585,16.19,"7.7328"
"Victor Cruz","WR",4000,"NYG@Dal 04:25PM ET",0,"NYG",5.811,84,"0.0569",6.7367,3.8,"5.4465"
"Vince Mayle","WR",3000,"NYG@Dal 04:25PM ET",0,"Dal",0,192,"0",0,0,"2.9504"
"Vincent Jackson","WR",4400,"TB@Atl 01:00PM ET",11.03,"TB",11.0869,41,"0.1488",13.6089,7.04,"6.7978"
"Walt Powell","WR",3000,"Buf@Bal 01:00PM ET",0,"Buf",0.1168,188,"0.0311",0.293,-0.01,"3.3761"
"Wendell Smallwood","RB",3000,"Cle@Phi 01:00PM ET",0,"Phi",2.9706,79,"0.3873",4.7323,0.5779,"null"
"Wes Saxton","TE",2500,"Cin@NYJ 01:00PM ET",0,"NYJ",0.8,79,"0.0143",0.8,0.8,"null"
"Will Fuller","WR",3700,"Chi@Hou 01:00PM ET",0,"Hou",9.9918,47,"0.2944",12.5572,5.102,"9.1537"
"Will Johnson","RB",3000,"NYG@Dal 04:25PM ET",0.724,"NYG",0,142,"0",0,0,"null"
"Will Tye","TE",3300,"NYG@Dal 04:25PM ET",8.108,"NYG",6.928,24,"0.2277",8.8394,4.9,"4.5654"
"Willie Snead","WR",4800,"Oak@NO 01:00PM ET",12.693,"NO",13.3757,31,"0.6447",17.4423,9.97,"6.5767"
"Zac Brooks","RB",3000,"Mia@Sea 04:05PM ET",0,"Sea",0,142,"0",0,0,"null"
"Zac Dysert","QB",5000,"Mia@Sea 04:05PM ET",0,"Mia",0,76,"0",0,0,"null"
"Zach Ertz","TE",4300,"Cle@Phi 01:00PM ET",11.82,"Phi",11.0639,12,"1.0154",12.5626,8.9373,"3.7516"
"Zach Line","RB",3000,"Min@Ten 01:00PM ET",2.188,"Min",1.4704,100,"0.0484",2.3165,0.49,"4.2786"
"Zach Mettenberger","QB",5000,"SD@KC 01:00PM ET",7.314,"SD",0.0452,68,"0.0353",0.0846,0,"3.6765"
"Zach Miller","TE",3700,"Chi@Hou 01:00PM ET",7.393,"Chi",9.7749,15,"1.0362",10.8046,8.53,"3.8256"
"Zach Miller","TE",3700,"Chi@Hou 01:00PM ET",7.393,"Chi",0,109,"0",0,0,"null"
"Zach Sudfeld","TE",2500,"Cin@NYJ 01:00PM ET",0,"NYJ",0,109,"0",0,0,"null"
"Zach Zenner","RB",3000,"Det@Ind 04:25PM ET",1.517,"Det",3.2042,75,"0.0882",5.0742,0.9305,"5.108"
