"Name","FP","Pos","Team","Salary","Avg","Game","Time","Rnk","Drop","Ceiling","Floor","Risk","index"
"Falcons ",4.8038,"DST","ATL",2000,0.5,"Atl@NO","08:30PM",32,"null",5.6049,3.4,"2.3114","100001"
"Ravens ",6.8366,"DST","BAL",2500,9,"Bal@Jax","01:00PM",20,"0.0733",8.1605,4.5,"4.7367","100002"
"Bills ",5.7778,"DST","BUF",2700,7.5,"Ari@Buf","01:00PM",30,"0.7011",6.4041,5.3,"4.7516","100003"
"Panthers ",9.831,"DST","CAR",3800,11,"Min@Car","01:00PM",1,"0.6918",10.815,7.2,"4.4098","100004"
"Bears ",7.0572,"DST","CHI",2700,5.5,"Chi@Dal","08:30PM",14,"0.0068",8.6255,4.8,"6.2825","100005"
"Bengals ",8.3326,"DST","CIN",2800,5,"Den@Cin","01:00PM",5,"0.2491",8.7337,6.4,"4.7306","100006"
"Browns ",6.3432,"DST","CLE",2300,3,"Cle@Mia","01:00PM",26,"0.0716",6.755,4.9,"5.011","100007"
"Cowboys ",6.3588,"DST","DAL",2500,4.5,"Chi@Dal","08:30PM",25,"0.0491",6.5544,4.6,"5.6445","100008"
"Broncos ",7.4445,"DST","DEN",3500,14,"Den@Cin","01:00PM",10,"0.0749",8.09,4.2,"4.4242","100009"
"Lions ",6.7234,"DST","DET",2400,4,"Det@GB","01:00PM",23,"0.2602",6.8003,6.3,"3.2563","100010"
"Packers ",8.767,"DST","GB",3000,6,"Det@GB","01:00PM",3,"0.432",8.685,7.8,"3.1404","100011"
"Titans ",5.8055,"DST","TEN",2500,7,"Oak@Ten","01:00PM",29,"0.2417",6.4825,3.3,"5.9928","100012"
"Texans ",7.0557,"DST","HOU",3000,11,"Hou@NE","08:25PM",15,"0.0396",7.4859,6.3,"3.2418","100013"
"Colts ",6.9128,"DST","IND",2400,0,"SD@Ind","04:25PM",19,"0.1039",6.795,5.9,"4.2399","100014"
"Jaguars ",6.9874,"DST","JAX",2600,1,"Bal@Jax","01:00PM",17,"0.0387",7.365,6,"2.1227","100015"
"Chiefs ",7.8519,"DST","KC",3200,4,"NYJ@KC","04:25PM",8,"0.212",10.4021,4.2,"7.3124","100016"
"Rams ",9.5114,"DST","LA",3000,6,"LA@TB","04:05PM",2,"0.9591",11.1143,7.3,"7.4563","100017"
"Raiders ",6.9845,"DST","OAK",2600,0.5,"Oak@Ten","01:00PM",18,"0.1098",7.92,4.6,"4.9916","100018"
"Dolphins ",7.9864,"DST","MIA",3000,8,"Cle@Mia","01:00PM",7,"0.1429",10.9021,3,"8.6979","100019"
"Vikings ",8.1807,"DST","MIN",3100,16.5,"Min@Car","01:00PM",6,"0.2615",12.3024,4.2,"8.5652","100020"
"Patriots ",7.045,"DST","NE",3200,5.5,"Hou@NE","08:25PM",16,"0.0591",7.7779,6.2,"2.7134","100021"
"Saints ",6.2763,"DST","NO",2200,2.5,"Atl@NO","08:30PM",27,"0.2401",6.2674,4,"2.7433","100022"
"Giants ",6.7455,"DST","NYG",3300,7.5,"Was@NYG","01:00PM",22,"0.1",7.095,4.2642,"6.3764","100023"
"Jets ",6.7813,"DST","NYJ",2900,5.5,"NYJ@KC","04:25PM",21,"0.0468",7.7895,2.2642,"6.5255","100024"
"Eagles ",7.2376,"DST","PHI",2800,10.5,"Pit@Phi","04:25PM",13,"0.1812",7.1575,4.2611,"6.7408","100025"
"Cardinals ",8.3375,"DST","ARI",3600,14.5,"Ari@Buf","01:00PM",4,"0.0808",8.7294,4.2,"4.8597","100026"
"Steelers ",7.351,"DST","PIT",2900,5.5,"Pit@Phi","04:25PM",12,"0.2036",7.793,4.2,"4.3515","100027"
"Chargers ",6.5676,"DST","SD",2300,6.5,"SD@Ind","04:25PM",24,"0.2166",7.3895,4.9,"5.3822","100028"
"49ers ",5.3497,"DST","SF",2400,11.5,"SF@Sea","04:05PM",31,"0.5459",6.1233,3.8,"9.2553","100029"
"Seahawks ",7.8353,"DST","SEA",4100,9,"SF@Sea","04:05PM",9,"0.4189",8.53,6.3,"0.5226","100030"
"Buccaneers ",7.3882,"DST","TB",3100,1.5,"LA@TB","04:05PM",11,"0.0938",7.4435,5.3,"4.6429","100031"
"Redskins ",6.2669,"DST","WAS",2400,2.5,"Was@NYG","01:00PM",28,"0.4752",7.33,3.3832,"4.5668","100032"
"Jordy Nelson",17.2422,"WR","GB",7400,16.75,"Det@GB","01:00PM",5,"0.4651",18.6394,12.6645,"5.6906","1032"
"Joe Webb",0,"QB","CAR",5000,0,"Min@Car","01:00PM",75,"0",0,0,"3.7212","1037347"
"Marc Mariani",0.2816,"WR","TEN",3000,0,"Oak@Ten","01:00PM",170,"0.0206",0.6886,0,"4.3329","1037885"
"Gary Barnidge",11.5282,"TE","CLE",4000,3.85,"Cle@Mia","01:00PM",5,"0.1216",14.4253,9.24,"7.2852","1060"
"Martellus Bennett",9.0686,"TE","NE",4700,14.9,"Hou@NE","08:25PM",13,"0.0503",10.891,7.07,"7.6326","1062"
"DeSean Jackson",12.5351,"WR","WAS",5900,13.1,"Was@NYG","01:00PM",35,"0.4515",13.1425,10.6728,"5.1902","1581"
"Eddie Royal",7.8347,"WR","CHI",3500,15.45,"Chi@Dal","08:30PM",71,"0.1786",9.6575,4.72,"6.5842","1990"
"Harry Douglas",2.5057,"WR","TEN",3000,2.05,"Oak@Ten","01:00PM",119,"0.0106",3.9655,0.4179,"7.7156","222"
"Matt Forte",17.5492,"RB","NYJ",7000,27.2,"NYJ@KC","04:25PM",3,"1.4301",21.234,12.61,"null","234"
"Pierre Garcon",9.8508,"WR","WAS",3900,7.8,"Was@NYG","01:00PM",48,"0.0418",10.6455,8.3487,"4.7295","2346"
"Zach Miller",9.0537,"TE","CHI",2900,5.85,"Chi@Dal","08:30PM",14,"0.0738",9.7138,6.3031,"5.2766","238457"
"Julian Edelman",13.3574,"WR","NE",6400,14.9,"Hou@NE","08:25PM",30,"0.3269",14.1591,11.7718,"4.9799","238498"
"Charles Clay",8.746,"TE","BUF",2900,6.85,"Ari@Buf","01:00PM",19,"0.2922",9.7407,7.06,"5.3329","2495139"
"Andy Dalton",14.6583,"QB","CIN",5700,21.84,"Den@Cin","01:00PM",24,"0.7088",15.6571,13.128,"5.3577","2495143"
"Dwayne Harris",1.7732,"WR","NYG",3000,0,"Was@NYG","01:00PM",128,"0.1092",2.7897,0,"2.6325","2495159"
"Colin Kaepernick",1.3064,"QB","SF",5000,0,"SF@Sea","04:05PM",41,"0.0966",2.4072,0.19,"5.3778","2495186"
"Lance Kendricks",5.5821,"TE","LA",2700,6.8,"LA@TB","04:05PM",34,"0.1747",6.1017,4.7117,"4.3529","2495187"
"Jeremy Kerley",7.0251,"WR","SF",3400,9.5,"SF@Sea","04:05PM",76,"0.134",8.6327,3.43,"6.6945","2495189"
"DeMarco Murray",13.937,"RB","TEN",6300,22.6,"Oak@Ten","01:00PM",11,"0.1859",14.7992,12.11,"2.9913","2495207"
"Niles Paul",1.2151,"TE","WAS",2500,1.3,"Was@NYG","01:00PM",69,"0.1241",1.8136,0.43,"5.9877","2495211"
"Christian Ponder",0,"QB","SF",5000,0,"SF@Sea","04:05PM",75,"0",0,0,"3.7212","2495215"
"Greg Salas",3.7128,"WR","BUF",3000,9.45,"Ari@Buf","01:00PM",104,"0.1743",5.1092,1.01,"6.1087","2495223"
"Luke Stocker",0.5949,"TE","TB",2500,0,"LA@TB","04:05PM",84,"0.0326",0.689,0.42,"3.3238","2495234"
"Tyrod Taylor",16.9176,"QB","BUF",5800,15.46,"Ari@Buf","01:00PM",18,"0.151",17.8256,15.34,"5.1617","2495240"
"Matt Asiata",7.6696,"RB","MIN",3000,2.4,"Min@Car","01:00PM",44,"0.0565",9.0703,3.76,"5.5407","2495258"
"Jordan Cameron",7.7173,"TE","MIA",2900,9.25,"Cle@Mia","01:00PM",23,"0.5884",7.8216,5.7882,"4.7984","2495267"
"Virgil Green",6.4782,"TE","DEN",3000,7.2,"Den@Cin","01:00PM",27,"0.1091",7.015,4.0792,"5.9162","2495288"
"Bilal Powell",6.5922,"RB","NYJ",3400,4.05,"NYJ@KC","04:25PM",50,"0.0693",8.228,4.6236,"4.0111","2495328"
"Aldrick Robinson",1.6951,"WR","ATL",3000,3.45,"Atl@NO","08:30PM",129,"0.0799",2.3236,1.07,"6.6541","2495331"
"Anthony Sherman",0.2119,"RB","KC",3000,0,"NYJ@KC","04:25PM",128,"0.0121",0.3305,0,"4.6484","2495340"
"Cecil Shorts III",2.5981,"WR","TB",3000,1.1,"LA@TB","04:05PM",115,"0.0684",3.5678,0.3779,"5.68","2495341"
"Lee Smith",2.8201,"TE","OAK",2500,3.2,"Oak@Ten","01:00PM",53,"0.2879",3.1858,1.9021,"5.174","2495347"
"Julius Thomas",11.0858,"TE","JAX",4600,14.25,"Bal@Jax","01:00PM",9,"0.9621",12.7081,9.55,"5.2471","2495353"
"Scott Tolzien",0.3497,"QB","IND",5000,0,"SD@Ind","04:25PM",51,"0.0751",0.6768,0.008,"4.2029","2495425"
"Kyle Rudolph",8.9235,"TE","MIN",3100,11.3,"Min@Car","01:00PM",17,"0.1451",10.4054,7,"5.6467","2495438"
"Blaine Gabbert",13.4549,"QB","SF",5000,18.61,"SF@Sea","04:05PM",26,"0.3988",15.4703,11.39,"4.8843","2495441"
"Ryan Mallett",0.0492,"QB","BAL",5000,0,"Bal@Jax","01:00PM",67,"0.0053",0.4254,-0.72,"4.3612","2495443"
"Randall Cobb",13.7629,"WR","GB",7300,11.05,"Det@GB","01:00PM",26,"0.2093",14.7686,10.67,"5.1425","2495448"
"A.J. Green",15.3889,"WR","CIN",8100,22.4,"Den@Cin","01:00PM",15,"0.097",16.7059,11.7552,"5.4436","2495450"
"Andre Holmes",3.6533,"WR","OAK",3000,3.8,"Oak@Ten","01:00PM",105,"0.2512",4.6584,2.4,"5.8458","2495453"
"Julio Jones",21.2182,"WR","ATL",9500,20.6,"Atl@NO","08:30PM",2,"2.3716",23.2536,16.8282,"8.1986","2495454"
"Cam Newton",22.3954,"QB","CAR",7800,28.49,"Min@Car","01:00PM",1,"0.6653",22.8144,19.26,"4.47","2495455"
"Torrey Smith",10.2104,"WR","SF",4300,8.9,"SF@Sea","04:05PM",45,"0.145",11.4414,7.6262,"6.0933","2495459"
"Shaun Draughn",5.319,"RB","SF",3400,6.35,"SF@Sea","04:05PM",62,"0.1003",6.326,2.7973,"4.266","2495461"
"Mark Ingram",16.0993,"RB","NO",5900,9.7,"Atl@NO","08:30PM",5,"0.3894",17.629,13.31,"2.8001","2495466"
"Taiwan Jones",1.4605,"RB","OAK",3000,1.45,"Oak@Ten","01:00PM",97,"0.0304",2.6453,0,"7.4528","2495467"
"Jordan Todman",0.8743,"RB","IND",3000,0,"SD@Ind","04:25PM",106,"0.0364",1.701,0,"4.3298","2495472"
"Shane Vereen",10.6487,"RB","NYG",3700,8.85,"Was@NYG","01:00PM",29,"0.2668",11.5533,7.8004,"4.7759","2495473"
"Clark Harris",0,"TE","CIN",2500,0,"Den@Cin","01:00PM",103,"0",0,0,"null","2495620"
"Greg Olsen",12.8673,"TE","CAR",5800,20.25,"Min@Car","01:00PM",3,"0.9378",13.5034,9.8321,"4.2015","2495700"
"Drew Stanton",1.1504,"QB","ARI",5000,0.44,"Ari@Buf","01:00PM",43,"0.3948",2.0377,0.092,"4.9496","2495748"
"Jay Cutler",9.0816,"QB","CHI",5600,8.56,"Chi@Dal","08:30PM",32,"0.2196",14.923,0,"13.9234","2495824"
"Vernon Davis",3.7292,"TE","WAS",2700,6.55,"Was@NYG","01:00PM",44,"0.0556",4.5232,2.7476,"4.7801","2495826"
"Anthony Fasano",1.1171,"TE","TEN",2500,0.55,"Oak@Ten","01:00PM",70,"0.0634",1.9264,0.38,"6.3036","2495835"
"Marcedes Lewis",3.1259,"TE","JAX",2500,8.25,"Bal@Jax","01:00PM",52,"0.321",3.7623,2.37,"5.2977","2495888"
"Brandon Marshall",14.4487,"WR","NYJ",7300,12.65,"NYJ@KC","04:25PM",20,"0.1422",16.0404,10.7137,"6.3454","2495893"
"Delanie Walker",13.1801,"TE","TEN",5000,13.75,"Oak@Ten","01:00PM",2,"0.5811",15.8304,11.16,"5.6679","2495966"
"DeAngelo Williams",18.3941,"RB","PIT",7500,30.65,"Pit@Phi","04:25PM",2,"1.5501",21.4499,12.88,"1.6529","2495979"
"Steve Smith Sr.",11.1864,"WR","BAL",4100,8.15,"Bal@Jax","01:00PM",41,"0.5354",12.1718,9.53,"5.2143","2504595"
"Drew Brees",18.9869,"QB","NO",7900,24.97,"Atl@NO","08:30PM",8,"0.5002",21.2153,14.62,"4.3227","2504775"
"Shaun Hill",3.1483,"QB","MIN",5000,10.24,"Min@Car","01:00PM",37,"0.8338",7.3037,-0.84,"6.9088","2504833"
"Josh McCown",4.5006,"QB","CLE",5600,16.4,"Cle@Mia","01:00PM",36,"1.5699",6.7747,0,"10.3581","2505076"
"Carson Palmer",17.6573,"QB","ARI",7200,23.05,"Ari@Buf","01:00PM",14,"0.1585",18.2123,16.388,"5.6216","2505245"
"Antonio Gates",11.0537,"TE","SD",4600,7.75,"SD@Ind","04:25PM",10,"1.9213",13.604,6.9412,"10.6705","2505299"
"Tony Romo",0,"QB","DAL",6000,0,"Chi@Dal","08:30PM",75,"0",0,0,"3.7212","2505354"
"Andre Johnson",3.8715,"WR","TEN",3400,6.95,"Oak@Ten","01:00PM",103,"0.1884",5.4779,1.71,"6.4224","2505551"
"Anquan Boldin",9.7665,"WR","DET",4200,10.65,"Det@GB","01:00PM",51,"0.1484",12.418,6.5662,"6.8453","2505587"
"Jason Witten",11.4099,"TE","DAL",4300,11.85,"Chi@Dal","08:30PM",6,"0.1493",11.7141,9.606,"4.5262","2505629"
"Matt Schaub",0.0696,"QB","ATL",5000,0,"Atl@NO","08:30PM",66,"0.0225",0.1481,-0.048,"3.8281","2505982"
"Eli Manning",17.8165,"QB","NYG",7000,17.8,"Was@NYG","01:00PM",13,"0.1834",18.4746,17.026,"4.9191","2505996"
"Luke McCown",0.114,"QB","NO",5000,0,"Atl@NO","08:30PM",62,"0.0097",0.2136,0.004,"3.8589","2506053"
"Larry Fitzgerald",15.2215,"WR","ARI",6900,23.6,"Ari@Buf","01:00PM",17,"0.2371",16.7573,11.97,"5.4014","2506106"
"Ben Roethlisberger",18.9881,"QB","PIT",7300,23.78,"Pit@Phi","04:25PM",7,"0.1173",19.9953,17.84,"5.0268","2506109"
"Philip Rivers",20.2771,"QB","SD",6700,19.71,"SD@Ind","04:25PM",5,"1.2618",23.3256,18.2646,"7.0221","2506121"
"John Kuhn",1.5164,"RB","NO",3000,1.7,"Atl@NO","08:30PM",96,"0.0623",2.5044,0,"3.2463","2506147"
"Alex Smith",16.7297,"QB","KC",5800,18.83,"NYJ@KC","04:25PM",20,"0.601",17.91,14.9,"5.8441","2506340"
"Aaron Rodgers",21.2939,"QB","GB",7700,21.49,"Det@GB","01:00PM",4,"1.634",21.9553,19.02,"5.874","2506363"
"Vincent Jackson",9.6405,"WR","TB",3900,6.1,"LA@TB","04:05PM",52,"0.1109",11.0382,7.04,"5.2478","2506400"
"Frank Gore",13.7046,"RB","IND",5000,13.55,"SD@Ind","04:25PM",13,"0.0337",15.8255,10.56,"4.9034","2506404"
"Darren Sproles",9.7943,"RB","PHI",3700,6.2,"Pit@Phi","04:25PM",34,"0.1277",10.9447,7.72,"4.3935","2506467"
"Dan Orlovsky",0.2399,"QB","DET",5000,0,"Det@GB","01:00PM",55,"0.0442",0.8657,-0.68,"4.7221","2506481"
"Derek Anderson",0.1257,"QB","CAR",5000,0,"Min@Car","01:00PM",60,"0.0071",0.2477,0.032,"3.8987","2506546"
"Matt Cassel",0.4526,"QB","TEN",5000,-0.1,"Oak@Ten","01:00PM",48,"0.0098",0.8649,0.092,"4.2789","2506562"
"Ryan Fitzpatrick",16.8034,"QB","NYJ",5900,20.06,"NYJ@KC","04:25PM",19,"0.1122",17.7815,14.82,"5.4841","2506581"
"Reggie Bush",3.2633,"RB","BUF",3200,-0.2,"Ari@Buf","01:00PM",79,"0.1889",4.6197,0.52,"5.1583","2506874"
"Kellen Clemens",0.259,"QB","SD",5000,-0.1,"SD@Ind","04:25PM",53,"0.0116",0.4414,0.012,"4.0436","2506895"
"Devin Hester",0.1008,"WR","BAL",3000,0,"Bal@Jax","01:00PM",180,"0.0592",0.253,0,"3.6826","2506897"
"Eric Weems",0.1636,"WR","ATL",3000,0,"Atl@NO","08:30PM",177,"0.0382",0.3953,0,"3.908","2507029"
"Adrian Peterson",8.0246,"RB","MIN",6700,3.85,"Min@Car","01:00PM",42,"0.2653",13.1315,0,"null","2507164"
"Ted Ginn Jr.",7.347,"WR","CAR",3700,5.05,"Min@Car","01:00PM",74,"0.2042",9.281,4.6765,"6.8175","2507166"
"Brent Celek",5.6395,"TE","PHI",2800,1.05,"Pit@Phi","04:25PM",33,"0.0714",7.5114,3.76,"7.0449","2507218"
"Matt Moore",0.144,"QB","MIA",5000,0,"Cle@Mia","01:00PM",59,"0.0196",0.2715,0.012,"3.8953","2507282"
"Mike Tolbert",5.2251,"RB","CAR",3000,2.1,"Min@Car","01:00PM",63,"0.0373",6.8247,3.58,"6.688","2507428"
"Kellen Davis",1.3996,"TE","NYJ",2500,0,"NYJ@KC","04:25PM",66,"0.1234",1.5523,1.18,"4.592","2507486"
"Mike Wallace",10.2126,"WR","BAL",5000,19.65,"Bal@Jax","01:00PM",44,"0.0487",11.5754,7.53,"5.8586","2507763"
"Logan Paulsen",0.092,"TE","CHI",2500,0,"Chi@Dal","08:30PM",102,"0.092",0.2022,0,"6.1147","2507828"
"Victor Cruz",7.7396,"WR","NYG",4700,12.75,"Was@NYG","01:00PM",72,"0.2798",10.1105,3.8,"6.8469","2507855"
"Chris Ivory",8.5773,"RB","JAX",3900,0,"Bal@Jax","01:00PM",41,"0.6406",9.0246,1.2739,"null","2507999"
"Antonio Brown",23.3706,"WR","PIT",9600,21.75,"Pit@Phi","04:25PM",1,"3.3295",24.5763,21.55,"3.3121","2508061"
"Andrew Hawkins",8.2816,"WR","CLE",3000,2.85,"Cle@Mia","01:00PM",64,"0.2723",11.0117,5.15,"7.971","2508097"
"James Develin",0.3254,"RB","NE",3000,0,"Hou@NE","08:25PM",122,"0.0155",0.4797,0,"null","2508101"
"Chad Henne",0.208,"QB","JAX",5000,0,"Bal@Jax","01:00PM",56,"0.0353",0.354,0.066,"3.9058","252"
"Bryan Walters",1.192,"WR","JAX",3000,0,"Bal@Jax","01:00PM",139,"0.1106",2.0898,0,"5.4624","2528181"
"Chris Hogan",6.0726,"WR","NE",3900,12.45,"Hou@NE","08:25PM",87,"0.3638",6.558,4.7872,"5.6006","2530515"
"Kamar Aiken",6.2347,"WR","BAL",3100,1.7,"Bal@Jax","01:00PM",84,"0.1374",8.8497,2.3307,"8.0348","2530660"
"DuJuan Harris",0,"RB","SF",3000,0,"SF@Sea","04:05PM",138,"0",0,0,"null","2530690"
"Dontrelle Inman",7.5725,"WR","SD",3600,1.65,"SD@Ind","04:25PM",73,"0.2689",9.0664,4.3877,"5.9996","2530700"
"Doug Baldwin",15.3623,"WR","SEA",6300,14.6,"SF@Sea","04:05PM",16,"0.1424",16.5432,13.2,"5.7521","2530747"
"Patrick DiMarco",0.8158,"RB","ATL",3000,0.9,"Atl@NO","08:30PM",109,"0.0719",1.1426,0.56,"12.6791","2530763"
"Chase Reynolds",0,"RB","LA",3000,0,"LA@TB","04:05PM",138,"0",0,0,"null","2531218"
"Travis Benjamin",13.9371,"WR","SD",5200,21.3,"SD@Ind","04:25PM",24,"0.0951",16.2166,9.74,"6.3652","2532790"
"Brandon Bolden",2.4778,"RB","NE",3000,0.2,"Hou@NE","08:25PM",87,"0.0432",4.0444,0,"6.3693","2532797"
"Kirk Cousins",18.2189,"QB","WAS",6400,18.76,"Was@NYG","01:00PM",10,"0.2214",18.5412,16.89,"5.1041","2532820"
"Rhett Ellison",1.0424,"TE","MIN",2500,0,"Min@Car","01:00PM",72,"0.1064",1.3703,0.64,"3.8369","2532835"
"Coby Fleener",11.1177,"TE","NO",3300,3.25,"Atl@NO","08:30PM",8,"0.048",12.3798,9.4738,"5.45","2532838"
"Michael Floyd",12.0519,"WR","ARI",5800,8.95,"Ari@Buf","01:00PM",37,"0.1674",12.3864,9.2407,"4.3068","2532841"
"Nick Foles",0.6088,"QB","KC",5000,0,"NYJ@KC","04:25PM",46,"0.0839",1.189,0.076,"4.512","2532842"
"T.Y. Hilton",16.3389,"WR","IND",6800,11,"SD@Ind","04:25PM",9,"0.1307",18.3414,13.51,"6.2486","2532865"
"Marvin Jones Jr.",15.2183,"WR","DET",6200,17.65,"Det@GB","01:00PM",18,"0.6187",17.648,11.6105,"6.221","2532884"
"Jermaine Kearse",9.5956,"WR","SEA",3400,6.9,"SF@Sea","04:05PM",53,"0.2169",11.4454,7.5531,"6.6662","2532887"
"Case Keenum",10.568,"QB","LA",5000,7.13,"LA@TB","04:05PM",31,"1.5665",12.3244,4.978,"4.5466","2532888"
"Doug Martin",7.4375,"RB","TB",5700,8.45,"LA@TB","04:05PM",47,"0.3646",12.295,0,"null","2532899"
"Rishard Matthews",9.4636,"WR","TEN",3300,6.8,"Oak@Ten","01:00PM",54,"0.1877",11.5092,7.0517,"6.1014","2532903"
"Isaiah Pead",0.7043,"RB","MIA",3000,0,"Cle@Mia","01:00PM",111,"0.0727",1.2636,0,"null","2532926"
"Brian Quick",3.3808,"WR","LA",3000,3.55,"LA@TB","04:05PM",107,"0.265",3.7187,2.37,"5.8985","2532933"
"Ryan Tannehill",19.0427,"QB","MIA",6200,21.56,"Cle@Mia","01:00PM",6,"0.0552",20.6397,15.478,"7.8708","2532956"
"Brandon Weeden",0,"QB","HOU",5000,0,"Hou@NE","08:25PM",75,"0",0,0,"3.7212","2532970"
"Russell Wilson",21.5701,"QB","SEA",7100,12.74,"SF@Sea","04:05PM",3,"0.7846",22.2194,20.3,"6.8287","2532975"
"Kendall Wright",6.7055,"WR","TEN",3000,0,"Oak@Ten","01:00PM",80,"0.1342",7.8214,5.43,"6.0295","2532977"
"Jarius Wright",0.6149,"WR","MIN",3000,0,"Min@Car","01:00PM",154,"0.0149",1.0423,0,"4.9508","2532978"
"Andrew Luck",21.8899,"QB","IND",7600,25.29,"SD@Ind","04:25PM",2,"0.4579",23.6233,20.14,"6.2809","2533031"
"Lamar Miller",15.4299,"RB","HOU",7200,15.2,"Hou@NE","08:25PM",7,"0.8528",16.1994,11.6223,"2.8001","2533034"
"Alshon Jeffery",16.1446,"WR","CHI",8000,16.05,"Chi@Dal","08:30PM",12,"0.3009",17.8994,12.5662,"7.3603","2533039"
"Mohamed Sanu",10.7995,"WR","ATL",5700,12.95,"Atl@NO","08:30PM",42,"0.4418",11.9035,8.11,"5.3374","2533040"
"Dwayne Allen",9.071,"TE","IND",3800,10.9,"SD@Ind","04:25PM",12,"0.0098",10.7752,4.81,"6.5719","2533046"
"Orson Charles",0,"TE","DET",2500,0,"Det@GB","01:00PM",103,"0",0,0,"2.9996","2533047"
"Austin Davis",0.0012,"QB","DEN",5000,0,"Den@Cin","01:00PM",74,"0.0012",0.0023,0,"3.7234","2533349"
"Cory Harkey",0.405,"TE","LA",2500,0,"LA@TB","04:05PM",91,"0.0263",0.5313,0.15,"3.5195","2533353"
"Brock Osweiler",14.6866,"QB","HOU",6000,15.03,"Hou@NE","08:25PM",23,"0.1354",16.1874,10.8,"6.3228","2533436"
"Alfred Morris",5.4823,"RB","DAL",3700,5.1,"Chi@Dal","08:30PM",61,"0.2103",7.3508,2.8789,"3.8199","2533457"
"Robert Turbin",4.1417,"RB","IND",3000,5.45,"SD@Ind","04:25PM",72,"0.2416",5.3001,2.85,"6.1781","2533460"
"Deonte Thompson",0.6697,"WR","CHI",3000,0,"Chi@Dal","08:30PM",152,"0.0336",0.9841,0.24,"4.035","2534436"
"Bobby Rainey",0.2581,"RB","NYG",3000,0,"Was@NYG","01:00PM",126,"0.0393",0.4249,0,"null","2534571"
"Jonathan Grimes",1.6338,"RB","HOU",3000,1.55,"Hou@NE","08:25PM",95,"0.1453",3.0065,0.47,"8.0902","2534770"
"Daryl Richardson",1.4478,"RB","PIT",3000,0.3,"Pit@Phi","04:25PM",98,"0.0493",2.7502,0.39,"3.3737","2534789"
"Garrett Celek",3.8542,"TE","SF",2500,2.35,"SF@Sea","04:05PM",43,"0.1365",5.2492,2.21,"5.5846","2534820"
"Phillip Supernaw",0.548,"TE","TEN",2500,0.85,"Oak@Ten","01:00PM",87,"0.0588",0.9336,0,"4.1155","2535535"
"Cole Beasley",10.0133,"WR","DAL",3200,13.5,"Chi@Dal","08:30PM",47,"0.1693",10.7827,8.187,"4.622","2535698"
"Lance Dunbar",4.5692,"RB","DAL",3000,3.9,"Chi@Dal","08:30PM",69,"0.1714",5.9082,2.23,"4.5847","2535708"
"Rod Streater",1.9555,"WR","SF",3000,1.15,"SF@Sea","04:05PM",125,"0.0685",2.79,0.59,"8.0615","2535869"
"Sean McGrath",1.8011,"TE","SD",2500,0,"SD@Ind","04:25PM",61,"0.1196",3.2782,0,"7.7995","2535943"
"Brenton Bersin",0.5828,"WR","CAR",3000,0,"Min@Car","01:00PM",158,"0.0324",0.8785,0,"4.0803","2535966"
"Jamize Olawale",2.2335,"RB","OAK",3000,6.05,"Oak@Ten","01:00PM",90,"0.3652",2.9442,0.5613,"5.2221","2536044"
"Brandon Bostick",0.8869,"TE","NYJ",2500,0,"NYJ@KC","04:25PM",75,"0.0954",1.1867,0.54,"4.145","2536342"
"Larry Donnell",6.5965,"TE","NYG",2700,7.45,"Was@NYG","01:00PM",26,"0.161",7.9191,4.05,"5.4801","2537933"
"Terrance Williams",8.4183,"WR","DAL",3300,3.2,"Chi@Dal","08:30PM",60,"0.0568",11.1304,5.79,"6.4648","2539205"
"Andre Ellington",3.6964,"RB","ARI",3600,2.45,"Ari@Buf","01:00PM",76,"0.3836",4.0043,2.5934,"5.7957","2539217"
"EJ Manuel",0.1618,"QB","BUF",5000,0.6,"Ari@Buf","01:00PM",58,"0.0269",0.2456,0.084,"3.8748","2539228"
"Tavarres King",0.4898,"WR","NYG",3000,0,"Was@NYG","01:00PM",162,"0.0621",0.7053,0.14,"3.8118","2539235"
"Quinton Patton",7.2604,"WR","SF",3100,8.25,"SF@Sea","04:05PM",75,"0.2826",8.0479,6.34,"6.0277","2539250"
"Denard Robinson",2.4638,"RB","JAX",3000,1.55,"Bal@Jax","01:00PM",88,"0.1444",4.1828,0.3295,"6.1144","2539260"
"Rex Burkhead",0.5088,"RB","CIN",3000,0,"Den@Cin","01:00PM",116,"0.0392",0.9154,0.07,"3.0551","2539265"
"Mike Glennon",0.597,"QB","TB",5000,0,"LA@TB","04:05PM",47,"0.1492",1.1241,0.092,"4.6282","2539275"
"Landry Jones",0.4431,"QB","PIT",5000,0,"Pit@Phi","04:25PM",49,"0.0469",1.0511,-0.64,"4.6724","2539287"
"Kenjon Barner",1.7613,"RB","PHI",3000,2.2,"Pit@Phi","04:25PM",93,"0.0763",2.4546,0.15,"6.1144","2539289"
"Markus Wheaton",9.8372,"WR","PIT",4600,0,"Pit@Phi","04:25PM",49,"0.0637",11.5568,8.5354,"7.2446","2539291"
"Zach Line",0.7835,"RB","MIN",3000,0,"Min@Car","01:00PM",110,"0.0929",1.1771,0.39,"7.899","2539303"
"Stepfan Taylor",0.2258,"RB","ARI",3000,0,"Ari@Buf","01:00PM",127,"0.0181",0.3419,0,"null","2539315"
"Christine Michael",11.3203,"RB","SEA",5000,9.85,"SF@Sea","04:05PM",24,"0.1497",12.7596,9.07,"4.2023","2539322"
"Geno Smith",1.9161,"QB","NYJ",5000,0,"NYJ@KC","04:25PM",39,"0.5062",3.8484,0.208,"7.3169","2539335"
"Tavon Austin",12.1154,"WR","LA",4100,8.05,"LA@TB","04:05PM",36,"0.1191",14.5831,9.8322,"7.1346","2539336"
"Brandon Williams",0.2814,"TE","SEA",2500,0,"SF@Sea","04:05PM",98,"0.0206",0.3608,0.17,"3.2874","2539645"
"Mike Gillislee",3.7413,"RB","BUF",3300,4.7,"Ari@Buf","01:00PM",75,"0.2309",5.5505,1.62,"4.521","2539663"
"Ryan Nassib",0.2904,"QB","NYG",5000,0,"Was@NYG","01:00PM",52,"0.0335",0.4858,0.024,"4.0047","2539961"
"Marquise Goodwin",5.2266,"WR","BUF",3000,11.1,"Ari@Buf","01:00PM",95,"0.3423",7.3736,2.44,"7.5439","2539964"
"Mychal Rivera",1.8848,"TE","OAK",2500,0,"Oak@Ten","01:00PM",59,"0.0657",2.2938,0.74,"5.1272","2539995"
"Chris Thompson",7.8489,"RB","WAS",3400,10.35,"Was@NYG","01:00PM",43,"0.1987",9.6839,5.45,"4.6484","2540011"
"Theo Riddick",12.2044,"RB","DET",4900,19.15,"Det@GB","01:00PM",21,"0.4871",13.7691,8.3164,"3.5012","2540020"
"Fozzy Whittaker",5.7229,"RB","CAR",3800,10.4,"Min@Car","01:00PM",57,"0.0546",8.7948,1.87,"5.8594","2540037"
"Cordarrelle Patterson",1.5975,"WR","MIN",3000,1.1,"Min@Car","01:00PM",131,"0.0686",2.4526,0.8858,"8.3418","2540145"
"Tyler Eifert",1.9651,"TE","CIN",4500,0,"Den@Cin","01:00PM",58,"0.1042",3.1407,0,"8.5022","2540148"
"Justin Hunter",1.2946,"WR","MIA",3000,0,"Cle@Mia","01:00PM",137,"0.0864",2.1065,0,"5.2426","2540151"
"Giovani Bernard",11.3236,"RB","CIN",4300,16.85,"Den@Cin","01:00PM",23,"0.065",12.1741,9.2233,"3.7561","2540156"
"Zach Ertz",5.2607,"TE","PHI",3900,11.8,"Pit@Phi","04:25PM",36,"0.182",8.6355,0,"13.3296","2540158"
"Jordan Reed",15.0975,"TE","WAS",6500,12.7,"Was@NYG","01:00PM",1,"2.0738",16.8624,11.44,"5.0359","2540160"
"DeAndre Hopkins",18.8291,"WR","HOU",8600,21.85,"Hou@NE","08:25PM",4,"1.7179",19.969,13.8077,"5.0959","2540165"
"Eddie Lacy",13.9772,"RB","GB",6100,6.9,"Det@GB","01:00PM",10,"0.11",14.9879,12.85,"4.0748","2540168"
"Robert Woods",7.983,"WR","BUF",3200,4,"Ari@Buf","01:00PM",66,"0.0589",9.1471,6.4149,"5.2043","2540169"
"Tyler Bray",0,"QB","KC",5000,0,"NYJ@KC","04:25PM",75,"0",0,0,"3.7212","2540173"
"Knile Davis",0.5862,"RB","KC",3000,0,"NYJ@KC","04:25PM",113,"0.0595",1.1075,-0.0305,"7.8352","2540178"
"Dion Sims",3.4431,"TE","MIA",2500,1.55,"Cle@Mia","01:00PM",49,"0.1491",4.049,2.6096,"5.6742","2540200"
"Kenny Stills",9.103,"WR","MIA",3600,7.25,"Cle@Mia","01:00PM",57,"0.3285",9.7494,6.6849,"5.7141","2540202"
"Levine Toilolo",2.2746,"TE","ATL",2500,2.05,"Atl@NO","08:30PM",55,"0.1521",3.9717,0.9,"8.9336","2540203"
"Spencer Ware",12.2193,"RB","KC",5700,23.7,"NYJ@KC","04:25PM",20,"0.0616",14.6879,4.3138,"4.9671","2540204"
"Gavin Escobar",1.0649,"TE","DAL",2500,0,"Chi@Dal","08:30PM",71,"0.0687",1.4988,0.36,"3.8466","2540211"
"Vance McDonald",6.3454,"TE","SF",2900,11.95,"SF@Sea","04:05PM",29,"0.2335",7.2219,4.81,"5.3508","2540215"
"Kyle Juszczyk",3.3011,"RB","BAL",3000,3.05,"Bal@Jax","01:00PM",78,"0.0956",3.8279,2.37,"4.9671","2540230"
"Jack Doyle",7.3299,"TE","IND",2500,13.1,"SD@Ind","04:25PM",24,"0.5678",8.876,4.21,"6.4618","2540232"
"Travis Kelce",12.3307,"TE","KC",4700,10.9,"NYJ@KC","04:25PM",4,"0.8616",12.6333,11.2686,"4.3376","2540258"
"MarQueis Gray",0.1589,"TE","MIA",2500,0,"Cle@Mia","01:00PM",101,"0.1129",0.2557,0,"3.3624","2540259"
"C.J. Anderson",14.34,"RB","DEN",7300,24.1,"Den@Cin","01:00PM",9,"0.3829",15.5793,11.45,"2.4814","2540269"
"Darren Fells",5.554,"TE","ARI",2500,3.55,"Ari@Buf","01:00PM",35,"0.3577",7.6183,3.5,"7.245","2540928"
"Charles Johnson",6.7115,"WR","MIN",3000,2.5,"Min@Car","01:00PM",79,"0.016",9.1793,4.1362,"6.3182","2541147"
"Latavius Murray",12.7608,"RB","OAK",5700,18.15,"Oak@Ten","01:00PM",17,"0.0882",12.8622,11.0741,"3.6924","2541161"
"Ryan Griffin",0,"QB","TB",5000,0,"LA@TB","04:05PM",75,"0",0,0,"3.7212","2541185"
"Ryan Griffin",0,"TE","HOU",2500,2.6,"Hou@NE","08:25PM",75,"0",0,0,"3.7212","2541185"
"Demetrius Harris",2.0003,"TE","KC",2500,2,"NYJ@KC","04:25PM",57,"0.0754",3.1628,0.57,"6.7532","2541187"
"Luke Willson",3.7063,"TE","SEA",2500,3.1,"SF@Sea","04:05PM",45,"0.091",4.4187,2.718,"6.0036","2541199"
"Brice Butler",2.7459,"WR","DAL",3000,1.3,"Chi@Dal","08:30PM",114,"0.1773",3.9941,1.12,"5.4227","2541388"
"Benny Cunningham",5.1632,"RB","LA",3400,1.85,"LA@TB","04:05PM",65,"0.2346",5.383,4.4527,"5.9869","2541544"
"Adam Thielen",4.4063,"WR","MIN",3200,8.75,"Min@Car","01:00PM",99,"0.3101",5.6963,2.54,"5.9116","2541785"
"Josh Hill",2.7898,"TE","NO",2500,0,"Atl@NO","08:30PM",54,"0.5302",5.02,0.76,"9.4239","2541834"
"Rashad Ross",0.4222,"WR","WAS",3000,0,"Was@NYG","01:00PM",164,"0.0565",0.9143,0,"4.2222","2541940"
"Russell Shepard",0.3622,"WR","TB",3000,2.25,"LA@TB","04:05PM",166,"0.0628",0.4864,0.25,"3.5628","2541944"
"Jaron Brown",2.4962,"WR","ARI",3300,9.3,"Ari@Buf","01:00PM",120,"0.0086",2.6483,2.0049,"5.5317","2541966"
"Matt McGloin",0.6204,"QB","OAK",5000,0,"Oak@Ten","01:00PM",45,"0.0175",1.2396,0.036,"4.7894","2542065"
"Sammy Watkins",13.0669,"WR","BUF",6100,6.15,"Ari@Buf","01:00PM",31,"0.1212",14.4418,10.3911,"7.1357","2543457"
"Eric Ebron",8.2583,"TE","DET",3700,12.45,"Det@GB","01:00PM",21,"0.5199",9.7284,5.73,"5.6243","2543466"
"Mike Evans",15.7821,"WR","TB",7000,19.95,"LA@TB","04:05PM",14,"0.4065",17.3126,14.2973,"4.3822","2543468"
"Kelvin Benjamin",14.3811,"WR","CAR",7200,26.95,"Min@Car","01:00PM",21,"0.2451",15.8407,10.1451,"5.9985","2543471"
"Marqise Lee",5.4051,"WR","JAX",3000,8.35,"Bal@Jax","01:00PM",92,"0.0946",5.7174,3.6101,"5.9818","2543475"
"Blake Bortles",18.0888,"QB","JAX",6500,21.78,"Bal@Jax","01:00PM",11,"0.2275",19.9021,13.2,"6.6576","2543477"
"Jace Amaro",1.2253,"TE","TEN",2500,0,"Oak@Ten","01:00PM",68,"0.0592",1.9676,0,"6.4179","2543481"
"Jarvis Landry",16.4758,"WR","MIA",6600,19.2,"Cle@Mia","01:00PM",8,"0.1994",18.2359,13.4246,"4.9478","2543488"
"Paul Richardson",3.8926,"WR","SEA",3000,4.3,"SF@Sea","04:05PM",102,"0.1005",6.1683,1.94,"6.0641","2543491"
"Davante Adams",8.3494,"WR","GB",4100,9.3,"Det@GB","01:00PM",62,"0.0436",9.4479,4.5638,"5.6319","2543495"
"Odell Beckham Jr.",18.8642,"WR","NYG",9100,13.95,"Was@NYG","01:00PM",3,"0.8285",19.9375,17.6927,"3.4327","2543496"
"AJ McCarron",1.5133,"QB","CIN",5000,0,"Den@Cin","01:00PM",40,"0.2254",3.3234,0.092,"6.0619","2543497"
"Brandin Cooks",16.9802,"WR","NO",7900,25.1,"Atl@NO","08:30PM",6,"0.4553",18.3597,15.5,"4.3931","2543498"
"Derek Carr",17.6089,"QB","OAK",6900,25.16,"Oak@Ten","01:00PM",15,"0.3809",19.7182,12.98,"6.6205","2543499"
"Jordan Matthews",15.9053,"WR","PHI",7100,20.25,"Pit@Phi","04:25PM",13,"0.3198",17.0545,14.4,"3.8443","2543500"
"Allen Robinson",16.2024,"WR","JAX",7500,10.8,"Bal@Jax","01:00PM",11,"0.1775",17.3294,12.4865,"5.0616","2543509"
"Ka'Deem Carey",4.678,"RB","CHI",3100,1,"Chi@Dal","08:30PM",68,"0.1917",5.8221,2.8485,"null","2543551"
"Andre Williams",1.8913,"RB","SD",3000,0,"SD@Ind","04:25PM",91,"0.088",2.5619,0.45,"9.7473","2543565"
"Devonta Freeman",16.1388,"RB","ATL",5800,8.65,"Atl@NO","08:30PM",4,"0.0943",17.5736,14.5554,"3.9474","2543583"
"Cody Latimer",2.5065,"WR","DEN",3000,1.6,"Den@Cin","01:00PM",118,"0.0055",3.0794,1.66,"5.0542","2543590"
"Alfred Blue",3.001,"RB","HOU",3400,0.75,"Hou@NE","08:25PM",81,"0.1432",3.7555,1.88,"4.9034","2543600"
"Jeremy Hill",9.1983,"RB","CIN",3700,9,"Den@Cin","01:00PM",38,"0.2752",9.6446,6.94,"4.1386","2543603"
"Zach Mettenberger",0.0452,"QB","PIT",5000,0,"Pit@Phi","04:25PM",68,"0.0185",0.0846,0,"3.8058","2543605"
"Donte Moncrief",8.33,"WR","IND",6700,10.15,"SD@Ind","04:25PM",63,"0.1715",13.6859,0,"17.3591","2543614"
"Walt Powell",0,"WR","BUF",3000,0,"Ari@Buf","01:00PM",182,"0",0,0,"3.3024","2543619"
"Troy Niklas",0.6749,"TE","ARI",2500,0,"Ari@Buf","01:00PM",81,"0.057",0.7671,0.41,"4.3553","2543628"
"De'Anthony Thomas",0.6002,"WR","KC",3000,0,"NYJ@KC","04:25PM",155,"0.0011",0.6838,0.48,"3.6246","2543638"
"Tom Savage",0.4426,"QB","HOU",5000,0,"Hou@NE","08:25PM",50,"0.1225",0.8804,0.024,"4.3999","2543640"
"Terrance West",9.524,"RB","BAL",3500,6.25,"Bal@Jax","01:00PM",37,"0.4289",11.0159,6.94,"4.1386","2543664"
"Austin Seferian-Jenkins",5.132,"TE","TB",2900,6.7,"LA@TB","04:05PM",37,"0.3344",6.2533,3,"5.1155","2543683"
"Jay Prosch",0.2583,"RB","HOU",3000,0.1,"Hou@NE","08:25PM",125,"0.0163",0.4446,0.08,"null","2543695"
"Jerick McKinnon",9.6616,"RB","MIN",3800,1.5,"Min@Car","01:00PM",36,"0.3005",12.0268,4.8219,"4.2023","2543715"
"C.J. Fiedorowicz",2.2446,"TE","HOU",2500,1.35,"Hou@NE","08:25PM",56,"0.2619",3.1203,1.38,"5.9942","2543721"
"Carlos Hyde",9.6717,"RB","SF",4400,15.25,"SF@Sea","04:05PM",35,"0.0788",10.3987,8.14,"4.0748","2543743"
"Josh Huff",3.4236,"WR","PHI",3000,0.45,"Pit@Phi","04:25PM",106,"0.1745",3.9242,2.2805,"7.0975","2543746"
"Jeff Janis",0.5553,"WR","GB",3200,0,"Det@GB","01:00PM",159,"0.0208",0.859,0,"4.0416","2543750"
"Ryan Grant",2.5392,"WR","WAS",3000,0.75,"Was@NYG","01:00PM",116,"0.0259",4.6583,0.24,"6.9808","2543759"
"Charles Sims",13.7,"RB","TB",4900,9.45,"LA@TB","04:05PM",14,"0.1348",14.6608,9.89,"4.1386","2543770"
"James White",8.9921,"RB","NE",4200,7.15,"Hou@NE","08:25PM",39,"0.2765",9.7489,6.5722,"5.3495","2543773"
"Jared Abbrederis",1.8635,"WR","GB",3000,0.9,"Det@GB","01:00PM",127,"0.1294",2.7665,0.46,"7.905","2543774"
"Crockett Gillmore",4.5699,"TE","BAL",2500,2.35,"Bal@Jax","01:00PM",39,"0.3669",6.217,3.07,"6.4258","2543794"
"Jimmy Garoppolo",8.9215,"QB","NE",5600,18.67,"Hou@NE","08:25PM",33,"0.8494",14.892,0,"13.8474","2543801"
"Quincy Enunwa",9.258,"WR","NYJ",4800,16.8,"NYJ@KC","04:25PM",56,"0.2874",11.7649,4.63,"8.5535","2543828"
"John Brown",9.7806,"WR","ARI",4800,2.1,"Ari@Buf","01:00PM",50,"0.0771",11.0013,8.2579,"6.1247","2543847"
"James Wright",1.5606,"WR","CIN",3000,1.55,"Den@Cin","01:00PM",132,"0.0766",2.586,0.45,"4.3432","2550162"
"Isaiah Burse",1.9104,"WR","SD",3000,0,"SD@Ind","04:25PM",126,"0.0921",2.0717,0.7,"4.6631","2550182"
"Isaiah Crowell",11.1968,"RB","CLE",4700,20.3,"Cle@Mia","01:00PM",25,"0.0659",12.8689,8.05,"3.9474","2550189"
"Bennie Fowler",2.4941,"WR","DEN",3000,0,"Den@Cin","01:00PM",121,"0.1809",3.2193,1.39,"5.2579","2550198"
"Ryan Hewitt",0.3397,"TE","CIN",2500,0,"Den@Cin","01:00PM",95,"0.0372",0.5772,0,"3.8097","2550206"
"Roosevelt Nix",0.0786,"RB","PIT",3000,0,"Pit@Phi","04:25PM",134,"0.0515",0.1332,0,"null","2550235"
"Justin Perillo",0.677,"TE","GB",2500,0,"Det@GB","01:00PM",80,"0.0262",0.7074,0.645,"3.1063","2550243"
"Willie Snead",13.4683,"WR","NO",6500,25.8,"Atl@NO","08:30PM",29,"0.2561",15.5932,9.2359,"5.7813","2550256"
"Charcandrick West",6.0565,"RB","KC",3500,7.8,"NYJ@KC","04:25PM",54,"0.2506",8.5459,2.54,"4.4572","2550268"
"Albert Wilson",5.6327,"WR","KC",3000,3.1,"NYJ@KC","04:25PM",89,"0.1563",6.5168,4.54,"4.4016","2550272"
"Trey Burton",6.0985,"TE","PHI",2500,15.9,"Pit@Phi","04:25PM",31,"0.4105",7.7453,3.0293,"9.1923","2550284"
"Richard Rodgers",6.1253,"TE","GB",2700,3.85,"Det@GB","01:00PM",30,"0.2078",7.5214,4.05,"5.3225","2550313"
"Brandon Coleman",3.1142,"WR","NO",3000,1.75,"Atl@NO","08:30PM",109,"0.0838",5.1833,1.11,"7.4523","2550328"
"Allen Hurns",11.8285,"WR","JAX",5200,11.45,"Bal@Jax","01:00PM",39,"0.3879",12.3769,9.473,"4.6791","2550353"
"Erik Swoope",0.4697,"TE","IND",2500,0,"SD@Ind","04:25PM",89,"0.0543",0.5941,0.36,"3.4584","2550405"
"Antonio Andrews",1.8454,"RB","TEN",3000,0,"Oak@Ten","01:00PM",92,"0.0966",3.276,0,"4.6484","2550474"
"Orleans Darkwa",2.6191,"RB","NYG",3000,0.6,"Was@NYG","01:00PM",85,"0.1142",3.5531,0.499,"3.7561","2550481"
"Damien Williams",2.8312,"RB","MIA",3000,4.8,"Cle@Mia","01:00PM",83,"0.163",4.5017,0,"9.2374","2550512"
"Xavier Grimble",1.327,"TE","PIT",2500,5.3,"Pit@Phi","04:25PM",67,"0.1068",1.5654,0.65,"5.7686","2550521"
"George Atkinson III",0.3038,"RB","CLE",3000,0,"Cle@Mia","01:00PM",124,"0.0456",0.5665,0,"null","2550540"
"Kapri Bibbs",0.8437,"RB","DEN",3000,1.15,"Den@Cin","01:00PM",107,"0.0197",1.3412,0.24,"3.4375","2550542"
"Corey Brown",4.4536,"WR","CAR",3000,3.3,"Min@Car","01:00PM",98,"0.162",4.7943,3.67,"4.3053","2550546"
"Seth Roberts",6.6854,"WR","OAK",3500,7.7,"Oak@Ten","01:00PM",81,"0.264",7.0002,5.0212,"5.1059","2550597"
"Taylor Gabriel",0.6574,"WR","ATL",3000,3.9,"Atl@NO","08:30PM",153,"0.0498",1.5278,0,"3.9385","2550617"
"Cameron Brate",5.7365,"TE","TB",2500,5.3,"LA@TB","04:05PM",32,"0.1257",6.6993,4.23,"5.4209","2550656"
"Fitzgerald Toussaint",4.0011,"RB","PIT",3000,1.45,"Pit@Phi","04:25PM",73,"0.2309",4.819,2.6452,"4.9671","2550738"
"Jameis Winston",17.9062,"QB","TB",6000,18.08,"LA@TB","04:05PM",12,"0.1693",18.8268,16.7517,"5.9618","2552033"
"Bryce Petty",0.0061,"QB","NYJ",5000,0,"NYJ@KC","04:25PM",71,"0.002",0.0114,0,"3.7326","2552369"
"Ameer Abdullah",4.7217,"RB","DET",4600,13.4,"Det@GB","01:00PM",67,"0.0981",7.3889,0,"null","2552374"
"Cameron Artis-Payne",6.4317,"RB","CAR",3000,0,"Min@Car","01:00PM",53,"0.497",8.0708,2.7861,"5.2858","2552375"
"Jeremy Langford",12.7608,"RB","CHI",5200,11.85,"Chi@Dal","08:30PM",18,"0.3589",14.8925,9.96,"4.5847","2552379"
"Malcolm Brown",1.1466,"RB","LA",3000,1.15,"LA@TB","04:05PM",103,"0.2377",1.4779,0.66,"3.8199","2552382"
"Ben Koyack",0.3015,"TE","JAX",2500,0,"Bal@Jax","01:00PM",97,"0.0247",0.5226,0,"3.7384","2552396"
"Clive Walford",8.9829,"TE","OAK",2800,11.25,"Oak@Ten","01:00PM",15,"0.0327",10.1288,8.11,"5.1384","2552397"
"Jeff Heuerman",1.8371,"TE","DEN",2500,0,"Den@Cin","01:00PM",60,"0.0609",2.3463,1.22,"4.7591","2552399"
"MyCole Pruitt",1.5646,"TE","MIN",2500,0,"Min@Car","01:00PM",64,"0.0953",2.0759,0.57,"6.1548","2552401"
"DeVante Parker",13.5896,"WR","MIA",4900,21.6,"Cle@Mia","01:00PM",27,"0.0967",14.8065,11.45,"6.9826","2552409"
"Jamison Crowder",7.9495,"WR","WAS",3800,13.85,"Was@NYG","01:00PM",67,"0.0554",9.4075,5.27,"6.0039","2552415"
"Justin Hardy",5.4636,"WR","ATL",3000,4.4,"Atl@NO","08:30PM",91,"0.0836",6.7441,3.8613,"5.7156","2552418"
"Keith Mumphery",1.2244,"WR","HOU",3000,0,"Hou@NE","08:25PM",138,"0.0777",1.6838,0.74,"4.3665","2552420"
"Phillip Dorsett",10.1175,"WR","IND",4400,8.7,"SD@Ind","04:25PM",46,"0.1855",11.7407,5.4582,"6.4858","2552424"
"Rashad Greene",3.0648,"WR","JAX",3000,1.8,"Bal@Jax","01:00PM",110,"0.1353",3.5608,2.34,"6.4867","2552425"
"Ty Montgomery",1.3112,"WR","GB",3000,0,"Det@GB","01:00PM",136,"0.0517",2.2626,0.11,"5.1553","2552429"
"Tyler Lockett",11.6947,"WR","SEA",4200,9.3,"SF@Sea","04:05PM",40,"0.7018",12.7269,8.2406,"6.6999","2552430"
"Tevin Coleman",10.4251,"RB","ATL",4500,15.9,"Atl@NO","08:30PM",30,"0.0889",12.7635,4.628,"4.4572","2552453"
"Devin Funchess",6.4572,"WR","CAR",4100,5.9,"Min@Car","01:00PM",82,"0.1471",6.5809,4.7545,"4.798","2552458"
"Duke Johnson Jr.",11.1174,"RB","CLE",4200,8.8,"Cle@Mia","01:00PM",27,"0.251",12.4724,8.5848,"4.2023","2552461"
"Jaelen Strong",5.489,"WR","HOU",3300,0,"Hou@NE","08:25PM",90,"0.0546",6.6713,2.81,"5.9007","2552463"
"Jalston Fowler",0.1961,"RB","TEN",3000,0,"Oak@Ten","01:00PM",130,"0.0399",0.3305,0,"null","2552464"
"Marcus Mariota",17.0674,"QB","TEN",5900,18.18,"Oak@Ten","01:00PM",17,"0.2069",19.1668,12.96,"6.3601","2552466"
"Maxx Williams",1.6117,"TE","BAL",2500,0,"Bal@Jax","01:00PM",63,"0.0599",2.4531,0.46,"7.7389","2552468"
"Melvin Gordon",13.6417,"RB","SD",5800,20.85,"SD@Ind","04:25PM",15,"0.5168",14.94,9.5066,"2.7364","2552469"
"Sammie Coates",6.0869,"WR","PIT",3800,9.95,"Pit@Phi","04:25PM",86,"0.158",8.3087,3.1569,"7.637","2552470"
"T.J. Yeldon",8.854,"RB","JAX",5600,14.35,"Bal@Jax","01:00PM",40,"0.553",11.1143,4.259,"5.5407","2552471"
"Todd Gurley",15.9899,"RB","LA",7100,6.6,"LA@TB","04:05PM",6,"0.8678",18.391,9.6383,"3.8199","2552475"
"Aaron Ripkowski",0.5396,"RB","GB",3000,0,"Det@GB","01:00PM",114,"0.0283",0.9641,0.02,"4.0111","2552477"
"Blake Bell",1.5391,"TE","SF",2500,0.8,"SF@Sea","04:05PM",65,"0.1758",1.9957,0.75,"3.319","2552478"
"Amari Cooper",16.2138,"WR","OAK",7700,18.4,"Oak@Ten","01:00PM",10,"0.0404",17.9633,13.1778,"4.3366","2552487"
"Dorial Green-Beckham",6.1078,"WR","PHI",3200,3.6,"Pit@Phi","04:25PM",85,"0.028",6.4218,2.1449,"5.9542","2552491"
"C.J. Uzomah",3.5475,"TE","CIN",2500,5.9,"Den@Cin","01:00PM",48,"0.1603",5.1783,0.22,"7.115","2552559"
"Sean Mannion",0.1836,"QB","LA",5000,0,"LA@TB","04:05PM",57,"0.0307",0.2912,0,"3.9297","2552576"
"A.J. Derby",0.8141,"TE","NE",2500,0,"Hou@NE","08:25PM",76,"0.0665",1.3126,0,"5.3342","2552580"
"Jay Ajayi",12.111,"RB","MIA",4000,7.5,"Cle@Mia","01:00PM",22,"0.7891",14.6945,9.11,"5.0309","2552582"
"Tyler Kroft",5.0254,"TE","CIN",2500,3.25,"Den@Cin","01:00PM",38,"0.6077",6.6359,1.9245,"6.1828","2552586"
"Brett Hundley",0.1232,"QB","GB",5000,0,"Det@GB","01:00PM",61,"0.0099",0.2609,0.01,"3.9201","2552588"
"Breshad Perriman",5.785,"WR","BAL",3000,4.85,"Bal@Jax","01:00PM",88,"0.2242",7.749,1.56,"6.4389","2552597"
"Nelson Agholor",7.8408,"WR","PHI",3500,11.95,"Pit@Phi","04:25PM",70,"0.0536",8.6455,5.8696,"5.5416","2552600"
"Stefon Diggs",13.9212,"WR","MIN",5100,28.2,"Min@Car","01:00PM",25,"0.2449",14.8325,10.4244,"5.2254","2552608"
"Javorius Allen",1.3846,"RB","BAL",3000,0,"Bal@Jax","01:00PM",100,"0.1491",2.6531,0,"8.9187","2552631"
"Jesse James",8.6492,"TE","PIT",3500,10,"Pit@Phi","04:25PM",20,"0.6403",9.2129,6.0756,"4.8121","2552633"
"Matt Jones",9.8126,"RB","WAS",4100,8.9,"Was@NYG","01:00PM",33,"0.0796",10.455,8.48,"4.1386","2552635"
"Michael Burton",0.1776,"RB","DET",3000,0,"Det@GB","01:00PM",131,"0.0431",0.2976,0,"null","2552636"
"Marcus Murphy",0.1341,"RB","NO",3000,0,"Atl@NO","08:30PM",133,"0.0722",0.214,0,"null","2552647"
"Chris Conley",6.8518,"WR","KC",3100,5.9,"NYJ@KC","04:25PM",78,"0.1433",8.6466,5.0663,"6.543","2552652"
"J.J. Nelson",2.9958,"WR","ARI",3000,2.1,"Ari@Buf","01:00PM",111,"0.1661",3.6797,1.9,"6.6113","2552656"
"Randall Telfer",0.6267,"TE","CLE",2500,0,"Cle@Mia","01:00PM",82,"0.0247",1.1852,0,"4.5406","2552660"
"Kevin White",8.8381,"WR","CHI",4000,7.45,"Chi@Dal","08:30PM",58,"0.2735",11.0103,4.05,"6.554","2553432"
"Mike Davis",1.3151,"RB","SF",3000,1.05,"SF@Sea","04:05PM",101,"0.1638",2.4506,0.28,"2.7364","2553439"
"Malcolm Johnson",0.4,"RB","CLE",3000,1.45,"Cle@Mia","01:00PM",119,"0.0404",0.4,0.4,"null","2553446"
"Neal Sterling",0.1354,"TE","JAX",2500,0,"Bal@Jax","01:00PM",178,"0.0273",0.2335,0,"3.6742","2553451"
"Geoff Swaim",3.6409,"TE","DAL",2500,4,"Chi@Dal","08:30PM",46,"0.0723",6.0748,0.98,"8.1986","2553454"
"Trevor Siemian",8.8024,"QB","DEN",5100,11.73,"Den@Cin","01:00PM",34,"2.8811",11.5218,0.16,"6.7486","2553457"
"Quan Bray",2.1452,"WR","IND",3000,0.85,"SD@Ind","04:25PM",123,"0.1539",2.6765,1.41,"6.3335","2553467"
"Khari Lee",0.36,"TE","DET",2500,0,"Det@GB","01:00PM",93,"0.0131",0.36,0.36,"null","2553552"
"Cameron Meredith",0,"WR","CHI",3000,0,"Chi@Dal","08:30PM",182,"0",0,0,"null","2553568"
"Jordan Taylor",0.1153,"WR","DEN",3000,1.5,"Den@Cin","01:00PM",179,"0.0233",0.2648,-0.02,"3.7004","2553606"
"Lucky Whitehead",0.8786,"WR","DAL",3000,0,"Chi@Dal","08:30PM",148,"0.046",1.0806,0.63,"3.7023","2553621"
"Zach Zenner",2.4053,"RB","DET",3000,0,"Det@GB","01:00PM",89,"0.3429",2.7946,1.7138,"5.732","2553631"
"Corey Grant",0.3405,"RB","JAX",3000,4.25,"Bal@Jax","01:00PM",121,"0.0198",0.7131,0,"null","2553650"
"Bradley Marquez",1.1015,"WR","LA",3000,0,"LA@TB","04:05PM",140,"0.0626",1.48,0.78,"4.031","2553725"
"Thomas Rawls",11.1445,"RB","SEA",5500,6.3,"SF@Sea","04:05PM",26,"0.0437",13.1462,8.72,"null","2553733"
"Eli Rogers",8.0355,"WR","PIT",3900,9.9,"Pit@Phi","04:25PM",65,"0.0693",10.5555,4.5486,"7.3789","2553737"
"Rod Smith",0.0451,"RB","DAL",3000,0,"Chi@Dal","08:30PM",135,"0.0383",0.0778,0,"null","2553743"
"Terron Ward",0.677,"RB","ATL",3000,0,"Atl@NO","08:30PM",112,"0.114",1.1676,0,"null","2553762"
"Will Tye",6.9278,"TE","NYG",2600,3.8,"Was@NYG","01:00PM",25,"0.3905",8.7244,5.43,"6.297","2553830"
"Adam Humphries",4.0155,"WR","TB",3000,9.9,"LA@TB","04:05PM",101,"0.1335",6.0429,0.98,"7.3435","2553895"
"Tyrell Williams",9.2939,"WR","SD",4300,12.1,"SD@Ind","04:25PM",55,"0.1134",12.5588,4.0878,"7.2944","2553913"
"Chris Moore",1.4973,"WR","BAL",3000,2.1,"Bal@Jax","01:00PM",133,"0.0432",2.3879,0.17,"3.3129","2555209"
"Laquon Treadwell",3.1175,"WR","MIN",3100,0,"Min@Car","01:00PM",108,"0.028",4.5911,1.58,"7.4678","2555214"
"Leonte Carroo",4.1769,"WR","MIA",3000,1.7,"Cle@Mia","01:00PM",100,"0.2228",5.9007,2.62,"7.9816","2555215"
"Malcolm Mitchell",2.5201,"WR","NE",3000,3.9,"Hou@NE","08:25PM",117,"0.0139",3.3057,1.28,"7.1025","2555216"
"Daniel Lasco",0.5139,"RB","NO",3000,0,"Atl@NO","08:30PM",115,"0.0222",0.9786,0,"null","2555219"
"Devontae Booker",5.2124,"RB","DEN",3000,2.95,"Den@Cin","01:00PM",64,"0.063",6.5486,2.406,"4.3298","2555223"
"Ezekiel Elliott",14.8142,"RB","DAL",6900,13.95,"Chi@Dal","08:30PM",8,"0.6556",15.5932,13.6,"3.5012","2555224"
"Jonathan Williams",0.4745,"RB","BUF",3000,0,"Ari@Buf","01:00PM",117,"0.0423",0.5077,0.41,"null","2555227"
"Kenneth Dixon",0,"RB","BAL",3000,0,"Bal@Jax","01:00PM",138,"0",0,0,"null","2555229"
"Kenyan Drake",6.5502,"RB","MIA",3600,4.9,"Cle@Mia","01:00PM",51,"0.0865",8.8966,0.02,"4.3935","2555230"
"Tyler Ervin",2.5321,"RB","HOU",3000,0.9,"Hou@NE","08:25PM",86,"0.0613",3.2827,1.52,"5.2221","2555234"
"Carson Wentz",14.4442,"QB","PHI",5500,15.91,"Pit@Phi","04:25PM",25,"1.054",15.9363,11.24,"5.962","2555259"
"Dak Prescott",15.6045,"QB","DAL",5700,14.28,"Chi@Dal","08:30PM",22,"0.932",17.1008,13.482,"6.0519","2555260"
"Jacoby Brissett",11.6268,"QB","NE",5000,4.88,"Hou@NE","08:25PM",30,"1.802",15.1894,0.178,"8.0605","2555261"
"Jeff Driskel",0,"QB","CIN",5000,0,"Den@Cin","01:00PM",75,"0",0,0,"3.7212","2555262"
"Nick Vannett",0.699,"TE","SEA",2500,0,"SF@Sea","04:05PM",79,"0.0231",0.7654,0.57,"3.4089","2555289"
"Sterling Shepard",11.9406,"WR","NYG",5500,18,"Was@NYG","01:00PM",38,"0.179",13.5531,8.3239,"5.8726","2555295"
"David Morgan",0.3035,"TE","MIN",2500,0,"Min@Car","01:00PM",96,"0.012",0.5232,0,"3.7354","2555306"
"Jerell Adams",0.354,"TE","NYG",2500,0,"Was@NYG","01:00PM",94,"0.0324",0.5562,0,"3.7443","2555311"
"Paxton Lynch",2.7131,"QB","DEN",5000,0,"Den@Cin","01:00PM",38,"0.9984",5.6481,0.088,"8.6575","2555316"
"Tajae Sharpe",10.5026,"WR","TEN",4700,10.95,"Oak@Ten","01:00PM",43,"0.2911",12.31,5.1384,"6.4135","2555317"
"Cody Core",0.2774,"WR","CIN",3000,0,"Den@Cin","01:00PM",171,"0.0349",0.4561,0,"3.8555","2555331"
"Connor Cook",0,"QB","OAK",5000,0,"Oak@Ten","01:00PM",75,"0",0,0,"3.7212","2555332"
"Corey Coleman",7.8896,"WR","CLE",5300,19.65,"Cle@Mia","01:00PM",69,"0.0518",12.9067,0,"16.595","2555333"
"Jared Goff",0.2547,"QB","LA",5000,0,"LA@TB","04:05PM",54,"0.0308",0.7788,-0.64,"2.7713","2555334"
"Hunter Henry",6.3927,"TE","SD",2500,1.5,"SD@Ind","04:25PM",28,"0.1573",9.4192,2.84,"10.0273","2555341"
"Josh Doctson",5.0741,"WR","WAS",3000,4.3,"Was@NYG","01:00PM",96,"0.5",7.1688,1.4,"8.7578","2555343"
"Will Fuller",12.8976,"WR","HOU",4800,21.05,"Hou@NE","08:25PM",33,"0.3493",15.7176,6.45,"6.9126","2555346"
"Braxton Miller",1.4707,"WR","HOU",3000,1.35,"Hou@NE","08:25PM",134,"0.0965",2.6355,0,"6.0819","2555348"
"Aaron Burbridge",1.0612,"WR","SF",3000,0,"SF@Sea","04:05PM",141,"0.0529",1.3623,0.3924,"4.0434","2555362"
"Tyler Higbee",3.2568,"TE","LA",2500,0.6,"LA@TB","04:05PM",51,"0.2838",4.0396,2.229,"6.7209","2555364"
"Jordan Payton",0.2173,"WR","CLE",3000,0,"Cle@Mia","01:00PM",174,"0.0287",0.3683,0,"3.8849","2555370"
"Cody Kessler",12.7866,"QB","CLE",5000,0,"Cle@Mia","01:00PM",28,"0.9223",13.976,9.76,"3.7821","2555387"
"Trevor Davis",0.5999,"WR","GB",3000,0,"Det@GB","01:00PM",156,"0.0094",1.0105,0,"4.1958","2555413"
"Austin Hooper",3.3312,"TE","ATL",2500,6.9,"Atl@NO","08:30PM",50,"0.1398",3.8782,2.3237,"5.5184","2555415"
"Christian Hackenberg",0,"QB","NYJ",5000,0,"NYJ@KC","04:25PM",75,"0",0,0,"3.7212","2555416"
"C.J. Prosise",3.1478,"RB","SEA",3300,2.1,"SF@Sea","04:05PM",80,"0.2051",4.7828,1.39,"5.7957","2555417"
"Jordan Howard",5.1356,"RB","CHI",3300,5.1,"Chi@Dal","08:30PM",66,"0.4357",6.6207,2.3344,"5.732","2555418"
"Pharoh Cooper",5.2661,"WR","LA",3000,0,"LA@TB","04:05PM",94,"0.1158",5.5718,1.9732,"6.228","2555419"
"Cardale Jones",0,"QB","BUF",5000,0,"Ari@Buf","01:00PM",75,"null",0,0,"3.7212","2555426"
"Alex Collins",0.3787,"RB","SEA",3000,0,"SF@Sea","04:05PM",120,"0.0458",0.4819,0.1068,"11.277","2555430"
"Andy Janovich",0.913,"RB","DEN",3000,5.45,"Den@Cin","01:00PM",104,"0.0234",1.7751,0.14,"7.7715","2555432"
"Paul Perkins",1.1559,"RB","NYG",3000,0,"Was@NYG","01:00PM",102,"0.1261",1.7923,0,"13.189","2555460"
"Wendell Smallwood",2.8844,"RB","PHI",3000,0.85,"Pit@Phi","04:25PM",82,"0.1103",4.8958,0.6779,"5.9232","2555461"
"DeAndre Washington",5.5206,"RB","OAK",3400,4.8,"Oak@Ten","01:00PM",60,"0.12",7.1324,2.7147,"4.2023","2555464"
"Tyler Boyd",6.9304,"WR","CIN",3500,8.6,"Den@Cin","01:00PM",77,"0.1488",8.4741,4.1868,"5.4544","2555466"
"Rashard Higgins",4.6945,"WR","CLE",3000,0,"Cle@Mia","01:00PM",97,"0.2646",6.4042,1.8066,"6.3151","2555468"
"Ricardo Louis",2.4812,"WR","CLE",3000,0,"Cle@Mia","01:00PM",122,"0.3951",3.3714,0.43,"5.5195","2555473"
"Charone Peake",0.2404,"WR","NYJ",3000,0,"NYJ@KC","04:25PM",173,"0.0331",0.4075,0,"3.9469","2555477"
"Demarcus Robinson",0.2902,"WR","KC",3000,0,"NYJ@KC","04:25PM",168,"0.0084",0.4911,0.02,"3.72","2555478"
"Temarrick Hemingway",0.2496,"TE","LA",2500,0,"LA@TB","04:05PM",100,"0.1242",0.4544,0,"3.5559","2555486"
"Derrick Henry",7.0172,"RB","TEN",3700,6.15,"Oak@Ten","01:00PM",49,"0.446",7.9807,3.0222,"4.0111","2556075"
"Dwayne Washington",5.8128,"RB","DET",3600,4.6,"Det@GB","01:00PM",55,"0.0518",7.2361,3.27,"4.8397","2556118"
"Jakeem Grant",0.5456,"WR","MIA",3000,0,"Cle@Mia","01:00PM",160,"0.0391",0.9357,0,"4.065","2556190"
"Tyreek Hill",0.9895,"WR","KC",3000,5.3,"NYJ@KC","04:25PM",144,"0.0265",1.3402,0.51,"5.9559","2556214"
"Darius Jackson",0.2034,"RB","DAL",3000,0,"Chi@Dal","08:30PM",129,"0.0166",0.3172,0,"null","2556273"
"Michael Thomas",8.711,"WR","NO",4200,10.7,"Atl@NO","08:30PM",59,"0.315",11.7765,3.11,"6.3232","2556370"
"Mike Thomas",1.6329,"WR","LA",3000,0,"LA@TB","04:05PM",130,"0.0539",1.6491,1.6,"5.9148","2556381"
"Josh Ferguson",6.4957,"RB","IND",3000,6.5,"SD@Ind","04:25PM",52,"0.2516",11.1835,2.7638,"4.8397","2556411"
"Rob Kelley",2.7172,"RB","WAS",3000,0,"Was@NYG","01:00PM",84,"0.1416",4.4576,0.34,"null","2556414"
"Robby Anderson",0.9459,"WR","NYJ",3000,0,"NYJ@KC","04:25PM",146,"0.0607",1.6363,0,"4.7427","2556462"
"Stephen Anderson",3.9022,"TE","HOU",2500,4.5,"Hou@NE","08:25PM",42,"0.1105",5.0144,2.45,"6.1841","2556463"
"Trevone Boykin",0.096,"QB","SEA",5000,0,"SF@Sea","04:05PM",64,"0.0211",0.2238,-0.024,"3.8967","2556477"
"Alex Erickson",0.4332,"WR","CIN",3000,1.5,"Den@Cin","01:00PM",163,"0.0374",0.7972,0.0248,"4.0413","2556519"
"D.J. Foster",1.0166,"RB","NE",3000,1.9,"Hou@NE","08:25PM",142,"0.0218",1.3952,0.28,"5.0004","2556528"
"D.J. Foster",0,"RB","NE",3000,1.9,"Hou@NE","08:25PM",138,"0",0,0,"null","2556528"
"Roger Lewis",0,"WR","NYG",3000,0,"Was@NYG","01:00PM",182,"0",0,0,"3.3024","2556592"
"Jalin Marshall",2.796,"WR","NYJ",3000,3.25,"NYJ@KC","04:25PM",113,"0.124",4.0515,0,"7.078","2556606"
"Nelson Spruce",0.8369,"WR","LA",3000,0,"LA@TB","04:05PM",149,"0.0418",1.4185,0,"5.5458","2556686"
"Cole Wick",0.609,"TE","DET",2500,1.5,"Det@GB","01:00PM",83,"0.0238",1.0563,0,"4.2257","2556708"
"Jalen Richard",3.7991,"RB","OAK",3600,10.6,"Oak@Ten","01:00PM",74,"0.0803",5.5806,1.7,"5.1583","2556885"
"Chris Johnson",4.3922,"RB","ARI",3500,5.8,"Ari@Buf","01:00PM",71,"0.3208",5.6447,2.7123,"4.2023","262"
"Josh Johnson",0,"QB","NYG",5000,0,"Was@NYG","01:00PM",75,"0",0,0,"3.7212","264"
"Danny Amendola",5.355,"WR","NE",3700,13.8,"Hou@NE","08:25PM",93,"0.1086",6.7764,2.1358,"6.538","2649"
"Matt Ryan",18.7546,"QB","ATL",7400,29.6,"Atl@NO","08:30PM",9,"0.6007",20.3031,17.272,"5.0802","310"
"Jacob Tamme",9.1937,"TE","ATL",3200,14.8,"Atl@NO","08:30PM",11,"0.1239",10.637,6.17,"6.5679","324"
"Joe Flacco",16.6528,"QB","BAL",6100,17.1,"Bal@Jax","01:00PM",21,"1.5073",17.0737,15.656,"4.6166","382"
"Danny Woodhead",7.6307,"RB","SD",5400,13.55,"SD@Ind","04:25PM",45,"0.1142",12.6757,0,"null","4327"
"Tim Hightower",5.6387,"RB","NO",3300,1.45,"Atl@NO","08:30PM",59,"0.1372",6.4839,4.4173,"4.5847","4383"
"Matthew Slater",0,"WR","NE",3000,0,"Hou@NE","08:25PM",182,"0",0,0,"3.3024","4487"
"Sam Bradford",13.3255,"QB","MIN",5300,19.14,"Min@Car","01:00PM",27,"0.8813",15.3643,10.51,"6.773","497095"
"Colt McCoy",0.8909,"QB","WAS",5000,0,"Was@NYG","01:00PM",44,"0.2763",1.7554,0.118,"5.2808","497123"
"LeGarrette Blount",11.0841,"RB","NE",4400,16.65,"Hou@NE","08:25PM",28,"0.5473",11.8203,8.0041,"5.0946","497149"
"Ryan Mathews",10.3337,"RB","PHI",5800,15.1,"Pit@Phi","04:25PM",32,"0.5302",11.2212,8.0558,"4.266","497188"
"James Starks",7.5954,"RB","GB",4000,2.6,"Det@GB","01:00PM",46,"0.3125",8.5183,6.303,"3.8836","497206"
"Ed Dickson",4.1406,"TE","CAR",2500,0,"Min@Car","01:00PM",41,"0.2624",6.171,2.55,"6.5974","497224"
"Jim Dray",0.5757,"TE","BUF",2500,0,"Ari@Buf","01:00PM",85,"0.0273",0.684,0.33,"3.435","497226"
"Jimmy Graham",8.9769,"TE","SEA",3000,4.65,"SF@Sea","04:05PM",16,"0.1096",11.3362,6.92,"7.4187","497236"
"Jermaine Gresham",3.5897,"TE","ARI",2500,4.05,"Ari@Buf","01:00PM",47,"0.0945",4.2577,2.68,"5.4999","497238"
"Rob Gronkowski",11.4034,"TE","NE",6800,0,"Hou@NE","08:25PM",7,"0.3017",12.6217,8.1916,"8.3693","497240"
"Clay Harbor",0.7689,"TE","NE",2500,0,"Hou@NE","08:25PM",77,"0.0562",0.9252,0.52,"3.5701","497242"
"Dennis Pitta",8.811,"TE","BAL",3400,14.55,"Bal@Jax","01:00PM",18,"0.1134",11.442,0.86,"8.3773","497254"
"Andrew Quarless",0.5086,"TE","DET",2500,0,"Det@GB","01:00PM",88,"0.0608",0.8621,0,"4.8757","497258"
"Arrelious Benn",0.98,"WR","JAX",3000,0.95,"Bal@Jax","01:00PM",145,"0.0612",0.98,0.98,"0.8111","497270"
"Dez Bryant",16.574,"WR","DAL",8400,11,"Chi@Dal","08:30PM",7,"0.1667",17.9841,14.0438,"5.4725","497278"
"Eric Decker",14.7505,"WR","NYJ",6900,19.65,"NYJ@KC","04:25PM",19,"0.3356",15.824,11.5615,"6.5211","497284"
"Brandon LaFell",6.3855,"WR","CIN",3400,10,"Den@Cin","01:00PM",83,"0.2143",6.6327,5.73,"4.8915","497302"
"Andre Roberts",1.4373,"WR","DET",3000,0.9,"Det@GB","01:00PM",135,"0.1345",2.0555,0.6,"7.1766","497320"
"Emmanuel Sanders",12.5615,"WR","DEN",6000,8.4,"Den@Cin","01:00PM",34,"0.2363",12.5499,11.6585,"3.8914","497322"
"Golden Tate",12.994,"WR","DET",5900,7.3,"Det@GB","01:00PM",32,"0.2644",14.4131,10.4283,"5.0521","497326"
"Demaryius Thomas",14.2318,"WR","DEN",6400,12.4,"Den@Cin","01:00PM",22,"0.243",15.3025,12.5673,"5.0062","497328"
"Kenny Britt",8.3736,"WR","LA",3900,13.05,"LA@TB","04:05PM",61,"0.0338",8.935,7.5158,"5.8674","71217"
"Jared Cook",7.7595,"TE","GB",2900,4.4,"Det@GB","01:00PM",22,"0.2359",7.97,6.1361,"5.1529","71265"
"Michael Crabtree",13.5175,"WR","OAK",6000,15.4,"Oak@Ten","01:00PM",28,"0.1046",14.0091,10.9074,"4.1236","71269"
"Rashad Jennings",13.4889,"RB","NYG",5100,7.4,"Was@NYG","01:00PM",16,"0.7281",14.6915,11.16,"null","71345"
"Jordan Norwood",2.8634,"WR","DEN",3000,2.7,"Den@Cin","01:00PM",112,"0.0924",3.6207,1.65,"5.1571","71417"
"John Phillips",0.3975,"TE","DEN",2500,0,"Den@Cin","01:00PM",92,"0.0404",0.4532,0.35,"7.2379","71435"
"Arian Foster",4.4034,"RB","MIA",5500,6.95,"Cle@Mia","01:00PM",70,"0.1364",7.7768,0,"null","79555"
"David Johnson",0.7264,"RB","ARI",7700,20.25,"Ari@Buf","01:00PM",78,"0.0383",1.137,0.18,"10.8158","79589"
"David Johnson",0.7264,"TE","PIT",2500,0.75,"Pit@Phi","04:25PM",78,"0.0383",1.137,0.18,"10.8158","79589"
"LeSean McCoy",13.7975,"RB","BUF",6500,15,"Ari@Buf","01:00PM",12,"0.0952",15.4406,10.78,"2.7364","79607"
"Mark Sanchez",1.2693,"QB","DAL",5000,0,"Chi@Dal","08:30PM",42,"0.2486",2.0746,0.204,"3.3617","79858"
"Matthew Stafford",17.3886,"QB","DET",6800,22.8,"Det@GB","01:00PM",16,"0.3961",18.387,15.08,"6.9659","79860"
"Darrius Heyward-Bey",2.027,"WR","PIT",3200,0.85,"Pit@Phi","04:25PM",124,"0.094",3.016,0.5,"6.4658","80427"
"Jeremy Maclin",14.0404,"WR","KC",6000,15,"NYJ@KC","04:25PM",23,"0.1112",15.0008,11.6916,"5.1855","80429"
"Chase Daniel",0.1126,"QB","PHI",5000,0,"Pit@Phi","04:25PM",63,"0.0246",0.2494,-0.01,"3.9133","81284"
"Brian Hoyer",12.1019,"QB","CHI",5000,3.12,"Chi@Dal","08:30PM",29,"1.0045",16.1133,3.866,"8.0933","81294"
"Brandon Tate",0.1973,"WR","BUF",3000,0,"Ari@Buf","01:00PM",175,"0.0255",0.4514,0,"3.8181","81306"
"Brandon Myers",1.7512,"TE","TB",2500,3.7,"LA@TB","04:05PM",62,"0.163",3.0776,0,"6.2544","89766"
"Jamaal Charles",10.3387,"RB","KC",5600,0,"NYJ@KC","04:25PM",31,"0.2655",9.1313,8.89,"null","925"
"Justin Forsett",12.5845,"RB","BAL",3900,7.6,"Bal@Jax","01:00PM",19,"0.3726",14.8723,9.84,"4.5847","927"
"Jonathan Stewart",5.6981,"RB","CAR",4800,5,"Min@Car","01:00PM",58,"0.1184",8.9727,0,"null","949"
