playername,position,team,playerposition,playerteam,vor,points,actualPoints,overallECR,overallRank,positionRank,cost,salary,dropoff,adp,adpdiff,auctionValue,upper,lower,risk,sleeper
Donnie Avery,WR,FA,WR,FA,null,0,null,null,null,192,null,null,0,null,null,null,0,0,null,null
Andre Caldwell,WR,DET,WR,DET,null,0.3693,null,null,null,175,null,null,0.0124,null,null,null,0.7255,0,3.919,null
Fred Davis,TE,FA,TE,FA,null,0,null,null,null,109,null,null,0,null,null,null,0,0,null,null
Harry Douglas,WR,TEN,WR,TEN,null,4.3243,null,null,null,99,null,null,0.0608,null,null,null,6.7093,2.0561,6.1157,null
Jerome Felton,RB,FA,RB,FA,null,0,null,null,null,142,null,null,0,null,null,null,0,0,null,null
Matt Forte,RB,NYJ,RB,NYJ,null,13.846,null,null,null,12,null,null,0.182,null,null,null,15.4795,11.47,null,null
Chad Henne,QB,JAC,QB,JAC,null,1.1741,null,null,null,39,null,null,0.1679,null,null,null,2.6519,0.066,7.4378,null
Chris Johnson,RB,ARI,RB,ARI,null,4.2469,null,null,null,66,null,null,0.27,null,null,null,6.1913,2.82,4.5338,null
Josh Johnson,QB,NYG,QB,NYG,null,0,null,null,null,76,null,null,0,null,null,null,0,0,3.5387,null
Darren McFadden,RB,DAL,RB,DAL,null,-0.4513,null,null,null,245,null,null,null,null,null,null,-0.1822,-1,null,null
Matt Ryan,QB,ATL,QB,ATL,null,18.3414,null,null,null,13,null,null,0.2913,null,null,null,19.23,17.272,6.1153,null
Jerome Simpson,WR,FA,WR,FA,null,0,null,null,null,192,null,null,0,null,null,null,0,0,2.9504,null
Jacob Tamme,TE,ATL,TE,ATL,null,6.5394,null,null,null,27,null,null,0.2352,null,null,null,7.6563,4.5,3.9736,null
Matt Flynn,QB,NO,QB,NO,null,0.0045,null,null,null,72,null,null,0.0015,null,null,null,0.0068,0,3.5495,null
Joe Flacco,QB,BAL,QB,BAL,null,15.5933,null,null,null,23,null,null,0.287,null,null,null,16.6896,12.4305,6.3941,null
Steve Johnson,WR,SD,WR,SD,null,0,null,null,null,192,null,null,0,null,null,null,0,0,2.9504,null
Jamaal Charles,RB,KC,RB,KC,null,0,null,null,null,142,null,null,0,null,null,null,0,0,null,null
Justin Forsett,RB,BAL,RB,BAL,null,9.5622,null,null,null,35,null,null,0.2764,null,null,null,12.302,5.4,5.427,null
Ray Rice,RB,FA,RB,FA,null,0,null,null,null,142,null,null,0,null,null,null,0,0,null,null
Jonathan Stewart,RB,CAR,RB,CAR,null,10.2274,null,null,null,30,null,null,0.1289,null,null,null,11.6221,8.0441,3.9596,null
Jordy Nelson,WR,GB,WR,GB,null,16.0175,null,null,null,20,null,null,0.5322,null,null,null,18.462,11.5272,7.8533,null
Gary Barnidge,TE,CLE,TE,CLE,null,13.822,null,null,null,4,null,null,0.9745,null,null,null,16.1872,11.3,3.3817,null
Martellus Bennett,TE,NE,TE,NE,null,12.0445,null,null,null,6,null,null,0.2249,null,null,null,14.6317,8.1999,5.0092,null
DeSean Jackson,WR,WAS,WR,WAS,null,14.6383,null,null,null,27,null,null,0.5083,null,null,null,17.4152,11.8624,5.6042,null
John Carlson,TE,FA,TE,FA,null,0,null,null,null,109,null,null,0,null,null,null,0,0,null,null
Eddie Royal,WR,CHI,WR,CHI,null,5.937,null,null,null,82,null,null,0.0956,null,null,null,6.9773,4.72,4.5547,null
Craig Stevens,TE,FA,TE,FA,null,0,null,null,null,109,null,null,0,null,null,null,0,0,null,null
Pierre Garcon,WR,WAS,WR,WAS,null,11.2144,null,null,null,39,null,null,0.0646,null,null,null,13.3887,7.5,6.6023,null
Danny Amendola,WR,NE,WR,NE,null,5.4545,null,null,null,90,null,null,0.2351,null,null,null,6.7425,3.86,5.7432,null
Jed Collins,RB,FA,RB,FA,null,0,null,null,null,142,null,null,0,null,null,null,0,0,null,null
Danny Woodhead,RB,SD,RB,SD,null,11.5359,null,null,null,24,null,null,0.1694,null,null,null,12.1709,9.7941,4.0234,null
Tim Hightower,RB,NO,RB,NO,null,6.7095,null,null,null,50,null,null,0.3875,null,null,null,11.4892,2.7404,4.8528,null
Marcel Reece,RB,OAK,RB,OAK,null,1.2163,null,null,null,106,null,null,0.1185,null,null,null,1.9114,0,null,null
Matthew Slater,WR,NE,WR,NE,null,0.1481,null,null,null,186,null,null,0.0204,null,null,null,0.3385,0,3.3209,null
Kenny Britt,WR,LA,WR,LA,null,9.3766,null,null,null,52,null,null,0.0966,null,null,null,11.0482,7.5031,6.4718,null
James Casey,TE,FA,TE,FA,null,0,null,null,null,109,null,null,0,null,null,null,0,0,null,null
Chase Coffman,TE,IND,TE,IND,null,0,null,null,null,109,null,null,0,null,null,null,0,0,null,null
Jared Cook,TE,GB,TE,GB,null,7.707,null,null,null,19,null,null,0.4205,null,null,null,8.7936,6.0095,4.6394,null
Michael Crabtree,WR,OAK,WR,OAK,null,15.5372,null,null,null,21,null,null,0.2577,null,null,null,17.5236,14.01,4.9012,null
Rashad Jennings,RB,NYG,RB,NYG,null,11.6946,null,null,null,21,null,null,0.0408,null,null,null,13.524,8.2171,4.8528,null
Jordan Norwood,WR,DEN,WR,DEN,null,3.5972,null,null,null,111,null,null,0.0604,null,null,null,3.6763,3.36,3.8275,null
Brandon Pettigrew,TE,DET,TE,DET,null,1.0351,null,null,null,76,null,null,0.0504,null,null,null,1.7157,0,null,null
John Phillips,TE,DEN,TE,DEN,null,0.4011,null,null,null,95,null,null,0.0405,null,null,null,0.4532,0.33,null,null
Arian Foster,RB,MIA,RB,MIA,null,12.6991,null,null,null,17,null,null,0.3529,null,null,null,15.4444,9.44,4.5976,null
Josh Freeman,QB,FA,QB,FA,null,0,null,null,null,76,null,null,0,null,null,null,0,0,3.5387,null
Shonn Greene,RB,FA,RB,FA,null,0,null,null,null,142,null,null,0,null,null,null,0,0,null,null
David Johnson,TE,PIT,TE,PIT,null,0.4555,null,null,null,90,null,null,0.0332,null,null,null,0.6365,0.18,null,null
LeSean McCoy,RB,BUF,RB,BUF,null,14.7978,null,null,null,10,null,null,0.7939,null,null,null,18.1175,10.78,3.513,null
Knowshon Moreno,RB,FA,RB,FA,null,0,null,null,null,142,null,null,0,null,null,null,0,0,null,null
Bear Pascoe,TE,NE,TE,NE,null,0,null,null,null,109,null,null,0,null,null,null,0,0,null,null
Cedric Peerman,RB,CIN,RB,CIN,null,0.0451,null,null,null,139,null,null,0.0383,null,null,null,0.0778,0,null,null
Mark Sanchez,QB,DAL,QB,DAL,null,1.3148,null,null,null,38,null,null,0.1892,null,null,null,2.0694,0.212,2.7513,null
Matthew Stafford,QB,DET,QB,DET,null,18.8789,null,null,null,11,null,null,0.5088,null,null,null,19.7604,15.45,7.044,null
Percy Harvin,WR,FA,WR,FA,null,0,null,null,null,192,null,null,0,null,null,null,0,0,null,null
Darrius Heyward-Bey,WR,PIT,WR,PIT,null,4.1711,null,null,null,103,null,null,0.0836,null,null,null,5.9504,2.19,6.0089,null
Jeremy Maclin,WR,KC,WR,KC,null,14.9193,null,null,null,24,null,null,0.2092,null,null,null,17.5762,10.874,6.5542,null
Louis Murphy,WR,TB,WR,TB,null,0,null,null,null,192,null,null,0,null,null,null,0,0,null,null
Hakeem Nicks,WR,FA,WR,FA,null,0,null,null,null,192,null,null,0,null,null,null,0,0,null,null
Chris Ogbonnaya,RB,FA,RB,FA,null,0,null,null,null,142,null,null,0,null,null,null,0,0,null,null
Chase Daniel,QB,PHI,QB,PHI,null,0.4814,null,null,null,48,null,null,0.0246,null,null,null,0.958,-0.01,2.9352,null
Brandon Gibson,WR,NE,WR,NE,null,0.3553,null,null,null,177,null,null,0.0353,null,null,null,0.593,0,3.6474,null
Brian Hoyer,QB,CHI,QB,CHI,null,1.077,null,null,null,40,null,null,0.2847,null,null,null,2.2947,-0.24,7.1089,null
Brandon Tate,WR,BUF,WR,BUF,null,0.0469,null,null,null,191,null,null,0.0469,null,null,null,0.1148,0,3.1159,null
Brian Hartline,WR,FA,WR,FA,null,0,null,null,null,192,null,null,0,null,null,null,0,0,2.9504,null
Brandon Myers,TE,TB,TE,TB,null,0.7934,null,null,null,80,null,null,0.0197,null,null,null,1.3138,0,null,null
Antone Smith,RB,NYJ,RB,NYJ,null,0,null,null,null,142,null,null,0,null,null,null,0,0,null,null
Falcons,DST,ATL,DST,ATL,null,5.7068,null,null,null,27,null,null,0.2671,null,null,null,6.3186,3.6,5.3574,null
Ravens,DST,BAL,DST,BAL,null,5.9875,null,null,null,26,null,null,0.4068,null,null,null,6.9872,4.5,3.59,null
Bills,DST,BUF,DST,BUF,null,5.343,null,null,null,31,null,null,0.3414,null,null,null,5.6186,5.2,2.0896,null
Panthers,DST,CAR,DST,CAR,null,11.6651,null,null,null,1,null,null,2.2742,null,null,null,14.2,8.9,9.5413,null
Bears,DST,CHI,DST,CHI,null,7.6621,null,null,null,9,null,null,0.0415,null,null,null,10.7319,5.1,7.6739,null
Bengals,DST,CIN,DST,CIN,null,6.6385,null,null,null,20,null,null,0.1082,null,null,null,7.2337,6.2,1.8526,null
Browns,DST,CLE,DST,CLE,null,6.6281,null,null,null,21,null,null,0.3192,null,null,null,7.8012,4.2,6.7022,null
Cowboys,DST,DAL,DST,DAL,null,5.4248,null,null,null,29,null,null,0.0524,null,null,null,5.8116,4.2,4.8725,null
Broncos,DST,DEN,DST,DEN,null,7.6703,null,null,null,8,null,null,0.0119,null,null,null,8.393,7.2,5.8975,null
Lions,DST,DET,DST,DET,null,7.5416,null,null,null,13,null,null,0.1783,null,null,null,8.4674,6.2,4.3295,null
Packers,DST,GB,DST,GB,null,8.5215,null,null,null,5,null,null,0.6993,null,null,null,9.1149,7.4,3.3676,null
Titans,DST,TEN,DST,TEN,null,6.1854,null,null,null,23,null,null,0.0343,null,null,null,6.817,3.3,6.0892,null
Texans,DST,HOU,DST,HOU,null,7.6834,null,null,null,7,null,null,0.0172,null,null,null,7.9372,5.2,2.72,null
Colts,DST,IND,DST,IND,null,7.1549,null,null,null,16,null,null,0.1073,null,null,null,7.693,5.2,7.0087,null
Jaguars,DST,JAC,DST,JAC,null,6.4324,null,null,null,22,null,null,0.2634,null,null,null,6.9147,4.2,4.8768,null
Chiefs,DST,KC,DST,KC,null,8.5648,null,null,null,4,null,null,0.3236,null,null,null,10.9159,5.2,5.4992,null
Rams,DST,LA,DST,LA,null,7.961,null,null,null,6,null,null,0.2842,null,null,null,7.5271,7.2,2.3057,null
Raiders,DST,OAK,DST,OAK,null,5.4546,null,null,null,28,null,null,0.0413,null,null,null,6.795,3.2,4.8861,null
Dolphins,DST,MIA,DST,MIA,null,5.0016,null,null,null,32,null,null,null,null,null,null,6.6744,3,6.8084,null
Vikings,DST,MIN,DST,MIN,null,9.3562,null,null,null,3,null,null,0.813,null,null,null,12.4309,6.4,6.157,null
Patriots,DST,NE,DST,NE,null,7.1305,null,null,null,17,null,null,0.313,null,null,null,7.6593,6.2,3.6176,null
Saints,DST,NO,DST,NO,null,6.6703,null,null,null,19,null,null,0.037,null,null,null,6.7779,5.9,2.6129,null
Giants,DST,NYG,DST,NYG,null,7.6548,null,null,null,10,null,null,0.083,null,null,null,9.9447,5,8.329,null
Jets,DST,NYJ,DST,NYJ,null,7.2384,null,null,null,15,null,null,0.0957,null,null,null,7.3523,5.2,2.9881,null
Eagles,DST,PHI,DST,PHI,null,9.4255,null,null,null,2,null,null,0.465,null,null,null,13.2426,6.1,8.0976,null
Cardinals,DST,ARI,DST,ARI,null,7.4883,null,null,null,14,null,null,0.2916,null,null,null,8.7722,6.2,3.4649,null
Steelers,DST,PIT,DST,PIT,null,7.5572,null,null,null,12,null,null,0.0423,null,null,null,8.1895,4.2,4.7317,null
Chargers,DST,SD,DST,SD,null,6.1527,null,null,null,24,null,null,0.0843,null,null,null,6.9419,4.2,5.2901,null
49ers,DST,SF,DST,SF,null,5.4017,null,null,null,30,null,null,0.2294,null,null,null,7.1488,3.8,7.1188,null
Seahawks,DST,SEA,DST,SEA,null,7.5863,null,null,null,11,null,null,0.0369,null,null,null,8.2593,5.2,2.3677,null
Buccaneers,DST,TB,DST,TB,null,6.9647,null,null,null,18,null,null,0.3104,null,null,null,7.6372,5.3,4.7364,null
Redskins,DST,WAS,DST,WAS,null,6.1493,null,null,null,25,null,null,0.3022,null,null,null,6.793,3.2,5.0199,null
Will Johnson,RB,NYG,RB,NYG,null,0,null,null,null,142,null,null,0,null,null,null,0,0,null,null
Zach Miller,TE,CHI,TE,CHI,null,9.7749,null,null,null,15,null,null,1.0362,null,null,null,10.8046,8.53,3.8256,null
Julian Edelman,WR,NE,WR,NE,null,13.8303,null,null,null,29,null,null,0.3767,null,null,null,14.2533,12.0263,4.4396,null
Erik Lorig,RB,FA,RB,FA,null,0,null,null,null,142,null,null,0,null,null,null,0,0,null,null
Sam Bradford,QB,MIN,QB,MIN,null,5.7472,null,null,null,33,null,null,2.2992,null,null,null,12.3326,0,14.0486,null
Jimmy Clausen,QB,FA,QB,FA,null,0,null,null,null,76,null,null,0,null,null,null,0,0,3.5387,null
Thad Lewis,QB,SF,QB,SF,null,0,null,null,null,76,null,null,0,null,null,null,0,0,3.5387,null
Colt McCoy,QB,WAS,QB,WAS,null,0.9354,null,null,null,41,null,null,0.2868,null,null,null,1.8068,0.118,6.0356,null
Joique Bell,RB,FA,RB,FA,null,0,null,null,null,142,null,null,0,null,null,null,0,0,null,null
LeGarrette Blount,RB,NE,RB,NE,null,9.0397,null,null,null,38,null,null,0.0424,null,null,null,11.306,4.8932,5.2994,null
Anthony Dixon,RB,FA,RB,FA,null,0,null,null,null,142,null,null,0,null,null,null,0,0,null,null
Jonathan Dwyer,RB,FA,RB,FA,null,0,null,null,null,142,null,null,0,null,null,null,0,0,null,null
Toby Gerhart,RB,FA,RB,FA,null,0,null,null,null,142,null,null,0,null,null,null,0,0,null,null
Ryan Mathews,RB,PHI,RB,PHI,null,12.1785,null,null,null,20,null,null,0.4904,null,null,null,13.745,7.636,3.6406,null
Dexter McCluster,RB,FA,RB,FA,null,0,null,null,null,142,null,null,0,null,null,null,0,0,3.3854,null
C.J. Spiller,RB,NO,RB,NO,null,5.8727,null,null,null,56,null,null,0.6393,null,null,null,7.1732,4.4373,4.7252,null
James Starks,RB,GB,RB,GB,null,7.9964,null,null,null,45,null,null,0.1547,null,null,null,10.2943,6.1639,4.0234,null
Trindon Holliday,WR,FA,WR,FA,null,0,null,null,null,192,null,null,0,null,null,null,0,0,null,null
Ed Dickson,TE,CAR,TE,CAR,null,4.2054,null,null,null,39,null,null,0.1078,null,null,null,6.3171,2.56,4.0475,null
Jim Dray,TE,BUF,TE,BUF,null,1.7258,null,null,null,68,null,null,0.1802,null,null,null,2.8268,0.7,null,null
Garrett Graham,TE,DEN,TE,DEN,null,0,null,null,null,109,null,null,0,null,null,null,0,0,null,null
Jimmy Graham,TE,SEA,TE,SEA,null,6.989,null,null,null,23,null,null,0.118,null,null,null,7.7923,4.62,null,null
Jermaine Gresham,TE,ARI,TE,ARI,null,3.1115,null,null,null,52,null,null,0.2349,null,null,null,3.6879,2.0712,4.0475,null
Rob Gronkowski,TE,NE,TE,NE,null,16.0246,null,null,null,1,null,null,1.0521,null,null,null,17.0353,10.9,null,null
Clay Harbor,TE,NE,TE,NE,null,0.7693,null,null,null,82,null,null,0.0424,null,null,null,1.1102,0,null,null
Michael Hoomanawanui,TE,NO,TE,NO,null,1.17,null,null,null,74,null,null,0.1271,null,null,null,1.0661,0.6,null,null
Anthony McCoy,TE,SEA,TE,SEA,null,1.2054,null,null,null,72,null,null,0.0338,null,null,null,1.9598,0,null,null
Dennis Pitta,TE,BAL,TE,BAL,null,2.1527,null,null,null,63,null,null,0.0626,null,null,null,3.4634,0.86,null,null
Tony Moeaki,TE,FA,TE,FA,null,0,null,null,null,109,null,null,0,null,null,null,0,0,null,null
Andrew Quarless,TE,DET,TE,DET,null,0,null,null,null,109,null,null,0,null,null,null,0,0,null,null
Seyi Ajirotutu,WR,PHI,WR,PHI,null,0.072,null,null,null,190,null,null,0.0485,null,null,null,0.1229,0,3.0898,null
Arrelious Benn,WR,JAC,WR,JAC,null,0,null,null,null,192,null,null,0,null,null,null,0,0,null,null
Dez Bryant,WR,DAL,WR,DAL,null,17.6548,null,null,null,7,null,null,0.1644,null,null,null,19.1879,15.92,5.6157,null
Riley Cooper,WR,FA,WR,FA,null,0,null,null,null,192,null,null,0,null,null,null,0,0,2.9504,null
Eric Decker,WR,NYJ,WR,NYJ,null,16.0834,null,null,null,18,null,null,0.0567,null,null,null,18.0597,13.8248,4.8597,null
Marcus Easley,WR,BUF,WR,BUF,null,0,null,null,null,192,null,null,0,null,null,null,0,0,2.9504,null
Jacoby Ford,WR,FA,WR,FA,null,0,null,null,null,192,null,null,0,null,null,null,0,0,null,null
Brandon LaFell,WR,CIN,WR,CIN,null,6.4994,null,null,null,76,null,null,0.1915,null,null,null,7.2943,5.036,4.7475,null
Andre Roberts,WR,DET,WR,DET,null,1.715,null,null,null,134,null,null,0.0226,null,null,null,2.6214,0,3.6297,null
Emmanuel Sanders,WR,DEN,WR,DEN,null,12.4662,null,null,null,34,null,null,0.0611,null,null,null,14.4316,8.0352,6.0175,null
Golden Tate,WR,DET,WR,DET,null,15.4335,null,null,null,22,null,null,0.4111,null,null,null,17.5909,10.9088,8.2272,null
Demaryius Thomas,WR,DEN,WR,DEN,null,16.036,null,null,null,19,null,null,0.2587,null,null,null,18.2952,13.4838,5.0584,null
Joe Webb,QB,CAR,QB,CAR,null,0.0736,null,null,null,67,null,null,0.0456,null,null,null,0.1617,0,3.7972,null
Michael Palmer,TE,FA,TE,FA,null,0,null,null,null,109,null,null,0,null,null,null,0,0,null,null
Deji Karim,RB,FA,RB,FA,null,0,null,null,null,142,null,null,0,null,null,null,0,0,null,null
Marc Mariani,WR,TEN,WR,TEN,null,1.8069,null,null,null,133,null,null,0.0919,null,null,null,4.4187,0,9.324,null
Charles Clay,TE,BUF,TE,BUF,null,10.1759,null,null,null,13,null,null,0.3278,null,null,null,12.1528,6.9486,4.5654,null
Andy Dalton,QB,CIN,QB,CIN,null,15.0023,null,null,null,26,null,null,0.7016,null,null,null,16.5571,13.128,7.7731,null
Leonard Hankerson,WR,FA,WR,FA,null,0,null,null,null,192,null,null,0,null,null,null,0,0,2.9504,null
Dwayne Harris,WR,NYG,WR,NYG,null,3.2467,null,null,null,116,null,null,0.094,null,null,null,4.7501,0.58,4.2113,null
Roy Helu,RB,FA,RB,FA,null,0,null,null,null,142,null,null,0,null,null,null,0,0,null,null
Kendall Hunter,RB,NO,RB,NO,null,0.0045,null,null,null,141,null,null,0.0045,null,null,null,0.0068,0,null,null
Jerrel Jernigan,WR,FA,WR,FA,null,0,null,null,null,192,null,null,0,null,null,null,0,0,null,null
Jerrod Johnson,QB,DAL,QB,DAL,null,0,null,null,null,76,null,null,0,null,null,null,0,0,3.5387,null
Colin Kaepernick,QB,SF,QB,SF,null,1.6422,null,null,null,37,null,null,0.3977,null,null,null,2.7515,0.258,3.8012,null
Lance Kendricks,TE,LA,TE,LA,null,4.8965,null,null,null,34,null,null,0.0953,null,null,null,6.0524,2.5,4.6394,null
Jeremy Kerley,WR,SF,WR,SF,null,4.6501,null,null,null,97,null,null,0.2405,null,null,null,5.6983,2.6764,5.7853,null
Greg Little,WR,FA,WR,FA,null,0,null,null,null,192,null,null,0,null,null,null,0,0,2.9504,null
DeMarco Murray,RB,TEN,RB,TEN,null,12.8024,null,null,null,16,null,null,0.1975,null,null,null,15.4083,9.0089,3.5768,null
Niles Paul,TE,WAS,TE,WAS,null,4.0339,null,null,null,42,null,null,0.0977,null,null,null,6.447,1.97,7.0806,null
Christian Ponder,QB,SF,QB,SF,null,0,null,null,null,76,null,null,0,null,null,null,0,0,3.5387,null
Greg Salas,WR,BUF,WR,BUF,null,1.1635,null,null,null,147,null,null,0.1283,null,null,null,1.9098,0,4.2414,null
Luke Stocker,TE,TB,TE,TB,null,0.5945,null,null,null,86,null,null,0.0497,null,null,null,0.6933,0.41,null,null
Tyrod Taylor,QB,BUF,QB,BUF,null,18.91,null,null,null,9,null,null,0.0206,null,null,null,22.0585,16.19,7.7328,null
Daniel Thomas,RB,FA,RB,FA,null,0,null,null,null,142,null,null,0,null,null,null,0,0,null,null
Matt Asiata,RB,MIN,RB,MIN,null,2.5556,null,null,null,81,null,null,0.2236,null,null,null,3.5802,1.0189,6.1288,null
Jordan Cameron,TE,MIA,TE,MIA,null,7.0401,null,null,null,22,null,null,0.0816,null,null,null,8.1935,5.2822,4.1215,null
Virgil Green,TE,DEN,TE,DEN,null,6.4674,null,null,null,28,null,null,0.5887,null,null,null,7.234,3.8589,4.5654,null
Ricardo Lockette,WR,FA,WR,FA,null,0,null,null,null,192,null,null,0,null,null,null,0,0,2.9504,null
Bruce Miller,RB,FA,RB,FA,null,0,null,null,null,142,null,null,0,null,null,null,0,0,null,null
Bilal Powell,RB,NYJ,RB,NYJ,null,9.0362,null,null,null,39,null,null,0.0818,null,null,null,9.7381,2.8107,3.4492,null
Aldrick Robinson,WR,ATL,WR,ATL,null,1.6683,null,null,null,137,null,null,0.0687,null,null,null,2.9262,0,4.9146,null
Anthony Sherman,RB,KC,RB,KC,null,0.5471,null,null,null,123,null,null,0.1131,null,null,null,0.9595,0,4.2148,null
Cecil Shorts,WR,TB,WR,TB,null,2.1081,null,null,null,130,null,null,0.0796,null,null,null,3.935,0,9.5723,null
Lee Smith,TE,OAK,TE,OAK,null,2.238,null,null,null,62,null,null,0.0866,null,null,null,3.7885,0.57,null,null
Julius Thomas,TE,JAC,TE,JAC,null,11.2725,null,null,null,10,null,null,0.1949,null,null,null,13.5422,7.8504,3.9736,null
Scott Tolzien,QB,IND,QB,IND,null,0.3569,null,null,null,53,null,null,0.0758,null,null,null,0.694,0.008,4.3269,null
Kyle Rudolph,TE,MIN,TE,MIN,null,7.1315,null,null,null,21,null,null,0.1169,null,null,null,7.7726,6.1332,4.1955,null
Blaine Gabbert,QB,SF,QB,SF,null,15.156,null,null,null,25,null,null,0.5043,null,null,null,16.9165,12.6834,5.6849,null
Ryan Mallett,QB,BAL,QB,BAL,null,0.2915,null,null,null,54,null,null,0.0227,null,null,null,0.5213,0.112,4.0082,null
Randall Cobb,WR,GB,WR,GB,null,14.6605,null,null,null,26,null,null,0.1266,null,null,null,17.1342,9.5247,6.0326,null
Tandon Doss,WR,FA,WR,FA,null,0,null,null,null,192,null,null,0,null,null,null,0,0,null,null
A.J. Green,WR,CIN,WR,CIN,null,16.9267,null,null,null,14,null,null,0.2803,null,null,null,19.0911,13.64,7.069,null
Andre Holmes,WR,OAK,WR,OAK,null,2.5527,null,null,null,124,null,null,0.1245,null,null,null,3.7251,1,4.8049,null
Julio Jones,WR,ATL,WR,ATL,null,22.8713,null,null,null,2,null,null,2.1499,null,null,null,24.5663,18.89,6.7046,null
Cam Newton,QB,CAR,QB,CAR,null,19.821,null,null,null,7,null,null,0.8212,null,null,null,22.0678,15.18,9.35,null
Torrey Smith,WR,SF,WR,SF,null,10.9067,null,null,null,43,null,null,0.2749,null,null,null,12.4973,8.0062,5.1636,null
Shaun Draughn,RB,SF,RB,SF,null,6.2652,null,null,null,53,null,null,0.1103,null,null,null,8.2242,2.8025,null,null
Mark Ingram,RB,NO,RB,NO,null,16.9516,null,null,null,5,null,null,0.5315,null,null,null,20.6545,13.31,2.7474,null
Taiwan Jones,RB,OAK,RB,OAK,null,1.9427,null,null,null,91,null,null,0.0693,null,null,null,2.9686,0.5352,4.0872,null
Dion Lewis,RB,NE,RB,NE,null,0,null,null,null,142,null,null,0,null,null,null,0,0,null,null
Stevan Ridley,RB,FA,RB,FA,null,0,null,null,null,142,null,null,0,null,null,null,0,0,null,null
Jacquizz Rodgers,RB,FA,RB,FA,null,0,null,null,null,142,null,null,0,null,null,null,0,0,null,null
Jordan Todman,RB,IND,RB,IND,null,1.9375,null,null,null,92,null,null,0.1648,null,null,null,3.3934,0,3.194,null
Shane Vereen,RB,NYG,RB,NYG,null,10.0646,null,null,null,32,null,null,0.2048,null,null,null,11.3321,7.9679,3.9596,null
Dwayne Bowe,WR,FA,WR,FA,null,0,null,null,null,192,null,null,0,null,null,null,0,0,2.9504,null
Ahmad Bradshaw,RB,FA,RB,FA,null,0,null,null,null,142,null,null,0,null,null,null,0,0,null,null
Scott Chandler,TE,FA,TE,FA,null,0,null,null,null,109,null,null,0,null,null,null,0,0,null,null
Clark Harris,TE,CIN,TE,CIN,null,0,null,null,null,109,null,null,0,null,null,null,0,0,null,null
Jacoby Jones,WR,FA,WR,FA,null,0,null,null,null,192,null,null,0,null,null,null,0,0,2.9504,null
Brian Leonard,RB,FA,RB,FA,null,0,null,null,null,142,null,null,0,null,null,null,0,0,null,null
Marshawn Lynch,RB,FA,RB,FA,null,0,null,null,null,142,null,null,0,null,null,null,0,0,null,null
Greg Olsen,TE,CAR,TE,CAR,null,13.6506,null,null,null,5,null,null,1.6733,null,null,null,16.5507,11.47,2.9379,null
Drew Stanton,QB,ARI,QB,ARI,null,0.2257,null,null,null,59,null,null,0.0503,null,null,null,0.4243,0.068,3.9127,null
Miles Austin,WR,FA,WR,FA,null,0,null,null,null,192,null,null,0,null,null,null,0,0,null,null
Jason Avant,WR,KC,WR,KC,null,0.5233,null,null,null,171,null,null,0.0328,null,null,null,1.0922,0,4.2987,null
Marques Colston,WR,FA,WR,FA,null,0,null,null,null,192,null,null,0,null,null,null,0,0,2.9504,null
Jay Cutler,QB,CHI,QB,CHI,null,14.3011,null,null,null,27,null,null,0.2718,null,null,null,15.9021,12.93,5.2378,null
Owen Daniels,TE,FA,TE,FA,null,0,null,null,null,109,null,null,0,null,null,null,0,0,null,null
Vernon Davis,TE,WAS,TE,WAS,null,2.7294,null,null,null,56,null,null,0.1015,null,null,null,3.9155,0.97,9.2999,null
Anthony Fasano,TE,TEN,TE,TEN,null,3.314,null,null,null,48,null,null,0.0811,null,null,null,5.5597,1.2,null,null
Bruce Gradkowski,QB,PIT,QB,PIT,null,0,null,null,null,76,null,null,0,null,null,null,0,0,3.5387,null
Derek Hagan,WR,FA,WR,FA,null,0,null,null,null,192,null,null,0,null,null,null,0,0,null,null
Tarvaris Jackson,QB,SEA,QB,SEA,null,-0.0027,null,null,null,116,null,null,null,null,null,null,-0.0009,-0.006,3.5452,null
Greg Jennings,WR,FA,WR,FA,null,0,null,null,null,192,null,null,0,null,null,null,0,0,2.9504,null
Marcedes Lewis,TE,JAC,TE,JAC,null,2.5704,null,null,null,58,null,null,0.0875,null,null,null,3.1476,1.98,4.0475,null
Brandon Marshall,WR,NYJ,WR,NYJ,null,17.5844,null,null,null,8,null,null,0.2065,null,null,null,19.949,15.37,6.5492,null
Delanie Walker,TE,TEN,TE,TEN,null,11.7291,null,null,null,8,null,null,0.3803,null,null,null,12.258,10.3426,3.1598,null
Charlie Whitehurst,QB,IND,QB,IND,null,0.0018,null,null,null,74,null,null,0.0012,null,null,null,0.0031,0,3.5441,null
DeAngelo Williams,RB,PIT,RB,PIT,null,16.1284,null,null,null,7,null,null,0.7516,null,null,null,17.3856,12.88,3.513,null
Kris Durham,WR,FA,WR,FA,null,0,null,null,null,192,null,null,0,null,null,null,0,0,null,null
Richard Gordon,TE,BAL,TE,BAL,null,0,null,null,null,109,null,null,0,null,null,null,0,0,null,null
David Ausberry,TE,FA,TE,FA,null,0,null,null,null,109,null,null,0,null,null,null,0,0,null,null
Tom Brady,QB,NE,QB,NE,null,0,null,null,null,76,null,null,0,null,null,null,0,0,3.5387,null
Michael Vick,QB,FA,QB,FA,null,0,null,null,null,76,null,null,0,null,null,null,0,0,null,null
Steve Smith,WR,BAL,WR,BAL,null,10.287,null,null,null,46,null,null,0.4182,null,null,null,11.6849,5.4936,6.008,null
Drew Brees,QB,NO,QB,NO,null,20.2061,null,null,null,6,null,null,0.7507,null,null,null,21.6091,18.338,4.1869,null
Shaun Hill,QB,MIN,QB,MIN,null,12.5318,null,null,null,30,null,null,1.6139,null,null,null,13.7643,11.32,4.3205,null
Josh McCown,QB,CLE,QB,CLE,null,3.4454,null,null,null,35,null,null,1.6765,null,null,null,6.9662,-0.72,7.5127,null
Carson Palmer,QB,ARI,QB,ARI,null,18.1114,null,null,null,14,null,null,0.2085,null,null,null,18.8182,16.588,5.3223,null
Antonio Gates,TE,SD,TE,SD,null,11.9101,null,null,null,7,null,null,0.3329,null,null,null,14.0838,8.8129,4.4174,null
Tony Romo,QB,DAL,QB,DAL,null,0,null,null,null,76,null,null,0,null,null,null,0,0,3.5387,null
Andre Johnson,WR,TEN,WR,TEN,null,5.8717,null,null,null,83,null,null,0.0669,null,null,null,7.9409,3.85,5.988,null
Anquan Boldin,WR,DET,WR,DET,null,8.5177,null,null,null,59,null,null,0.1074,null,null,null,9.3766,7.0062,5.764,null
Jason Witten,TE,DAL,TE,DAL,null,11.4252,null,null,null,9,null,null,0.2434,null,null,null,12.4506,8.0803,3.6777,null
Wes Welker,WR,LA,WR,LA,null,0.7618,null,null,null,156,null,null,0.0184,null,null,null,1.6656,0,5.3094,null
Steven Jackson,RB,NE,RB,NE,null,1.4124,null,null,null,102,null,null,0.1318,null,null,null,2.1696,0,null,null
Matt Schaub,QB,ATL,QB,ATL,null,0.139,null,null,null,62,null,null,0.0098,null,null,null,0.2902,-0.048,3.8547,null
Eli Manning,QB,NYG,QB,NYG,null,17.817,null,null,null,16,null,null,0.3164,null,null,null,19.432,14.82,6.9241,null
Jerricho Cotchery,WR,FA,WR,FA,null,0,null,null,null,192,null,null,0,null,null,null,0,0,null,null
Luke McCown,QB,NO,QB,NO,null,0.1329,null,null,null,63,null,null,0.0138,null,null,null,0.2613,0.004,3.8335,null
Larry Fitzgerald,WR,ARI,WR,ARI,null,15.1255,null,null,null,23,null,null,0.2861,null,null,null,16.8452,11.97,6.0996,null
Ben Roethlisberger,QB,PIT,QB,PIT,null,21.1763,null,null,null,3,null,null,0.6618,null,null,null,23.5609,19.5423,7.3994,null
Philip Rivers,QB,SD,QB,SD,null,16.5543,null,null,null,21,null,null,0.7685,null,null,null,18.1889,13.84,7.7443,null
Benjamin Watson,TE,BAL,TE,BAL,null,0,null,null,null,109,null,null,0,null,null,null,0,0,null,null
John Kuhn,RB,NO,RB,NO,null,0.4278,null,null,null,125,null,null,0.0816,null,null,null,0.8141,0,null,null
Josh Cribbs,WR,FA,WR,FA,null,0,null,null,null,192,null,null,0,null,null,null,0,0,null,null
Lance Moore,WR,FA,WR,FA,null,0,null,null,null,192,null,null,0,null,null,null,0,0,null,null
Nate Washington,WR,FA,WR,FA,null,0,null,null,null,192,null,null,0,null,null,null,0,0,2.6357,null
Alex Smith,QB,KC,QB,KC,null,19.0897,null,null,null,8,null,null,0.1849,null,null,null,22.983,15.844,9.3541,null
Ronnie Brown,RB,FA,RB,FA,null,0,null,null,null,142,null,null,0,null,null,null,0,0,null,null
Aaron Rodgers,QB,GB,QB,GB,null,20.5604,null,null,null,4,null,null,0.223,null,null,null,21.4486,18.34,3.6183,null
Roddy White,WR,FA,WR,FA,null,0,null,null,null,192,null,null,0,null,null,null,0,0,null,null
Vincent Jackson,WR,TB,WR,TB,null,11.0869,null,null,null,41,null,null,0.1488,null,null,null,13.6089,7.04,6.7978,null
Frank Gore,RB,IND,RB,IND,null,11.626,null,null,null,23,null,null,0.1436,null,null,null,13.6656,9.8373,3.9596,null
Darren Sproles,RB,PHI,RB,PHI,null,8.8173,null,null,null,42,null,null,0.4897,null,null,null,9.3737,7.3223,5.427,null
Dan Orlovsky,QB,DET,QB,DET,null,0.4501,null,null,null,50,null,null,0.0729,null,null,null,0.924,0.024,4.7737,null
Derek Anderson,QB,CAR,QB,CAR,null,0.2009,null,null,null,60,null,null,0.0564,null,null,null,0.3481,0.034,3.8485,null
Matt Cassel,QB,TEN,QB,TEN,null,0.4633,null,null,null,49,null,null,0.041,null,null,null,0.7707,0.166,4.3982,null
Ryan Fitzpatrick,QB,NYJ,QB,NYJ,null,17.0912,null,null,null,19,null,null,0.376,null,null,null,18.4671,14.63,6.4673,null
Daniel Fells,TE,NYG,TE,NYG,null,0.9394,null,null,null,78,null,null,0.1427,null,null,null,1.0553,0.4349,null,null
Fred Jackson,RB,SEA,RB,SEA,null,0,null,null,null,142,null,null,0,null,null,null,0,0,null,null
Reggie Bush,RB,BUF,RB,BUF,null,4.5931,null,null,null,64,null,null,0.3278,null,null,null,5.0006,4.04,6.4478,null
Santonio Holmes,WR,FA,WR,FA,null,0,null,null,null,192,null,null,0,null,null,null,0,0,null,null
Kellen Clemens,QB,SD,QB,SD,null,0.2671,null,null,null,56,null,null,0.0265,null,null,null,0.4508,0.012,4.0629,null
Devin Hester,WR,BAL,WR,BAL,null,0.1971,null,null,null,183,null,null,0.0252,null,null,null,0.4759,0,3.6082,null
Eric Weems,WR,ATL,WR,ATL,null,0.3089,null,null,null,179,null,null,0.0055,null,null,null,0.5906,0,7.8968,null
Pierre Thomas,RB,FA,RB,FA,null,0,null,null,null,142,null,null,0,null,null,null,0,0,null,null
Adrian Peterson,RB,MIN,RB,MIN,null,15.7118,null,null,null,8,null,null,0.792,null,null,null,17.8552,10.2947,2.7474,null
Ted Ginn,WR,CAR,WR,CAR,null,8.1831,null,null,null,63,null,null,0.1954,null,null,null,12.1431,5.2742,7.0298,null
Zach Miller,TE,FA,TE,FA,null,0,null,null,null,109,null,null,0,null,null,null,0,0,null,null
Matt Spaeth,TE,FA,TE,FA,null,0,null,null,null,109,null,null,0,null,null,null,0,0,null,null
James Jones,WR,FA,WR,FA,null,0,null,null,null,192,null,null,0,null,null,null,0,0,2.9504,null
Brent Celek,TE,PHI,TE,PHI,null,4.0491,null,null,null,41,null,null,0.0638,null,null,null,4.5137,3.2823,4.4914,null
Jordan Palmer,QB,FA,QB,FA,null,0,null,null,null,76,null,null,0,null,null,null,0,0,null,null
Jackie Battle,RB,FA,RB,FA,null,0,null,null,null,142,null,null,0,null,null,null,0,0,null,null
Matt Moore,QB,MIA,QB,MIA,null,0.0996,null,null,null,66,null,null,0.0402,null,null,null,0.1603,0.008,3.6835,null
Matthew Mulligan,TE,FA,TE,FA,null,0,null,null,null,109,null,null,0,null,null,null,0,0,null,null
Mike Tolbert,RB,CAR,RB,CAR,null,3.472,null,null,null,72,null,null,0.1045,null,null,null,3.792,2.9373,5.6822,null
Kellen Davis,TE,NYJ,TE,NYJ,null,3.3871,null,null,null,47,null,null,0.1052,null,null,null,4.4531,1.21,6.5628,null
Darrel Young,RB,FA,RB,FA,null,0,null,null,null,142,null,null,0,null,null,null,0,0,null,null
Mike Wallace,WR,BAL,WR,BAL,null,7.8996,null,null,null,66,null,null,0.3404,null,null,null,9.0638,5.9647,4.938,null
Donald Brown,RB,FA,RB,FA,null,0,null,null,null,142,null,null,0,null,null,null,0,0,null,null
Logan Paulsen,TE,CHI,TE,CHI,null,0.1226,null,null,null,108,null,null,0.1226,null,null,null,0.2695,0,null,null
Victor Cruz,WR,NYG,WR,NYG,null,5.811,null,null,null,84,null,null,0.0569,null,null,null,6.7367,3.8,5.4465,null
Jeff Cumberland,TE,SD,TE,SD,null,0.41,null,null,null,93,null,null,0.0044,null,null,null,0.3717,0.2,null,null
David Nelson,WR,PIT,WR,PIT,null,0,null,null,null,192,null,null,0,null,null,null,0,0,null,null
Marlon Moore,WR,FA,WR,FA,null,0,null,null,null,192,null,null,0,null,null,null,0,0,null,null
Chris Ivory,RB,JAC,RB,JAC,null,7.7168,null,null,null,47,null,null,0.7751,null,null,null,9.558,3.42,null,null
Mike Williams,WR,FA,WR,FA,null,0,null,null,null,192,null,null,0,null,null,null,0,0,null,null
John Conner,RB,FA,RB,FA,null,0,null,null,null,142,null,null,0,null,null,null,0,0,null,null
Antonio Brown,WR,PIT,WR,PIT,null,25.0612,null,null,null,1,null,null,3.1238,null,null,null,26.3635,23.7517,3.8135,null
Tyler Clutts,RB,FA,RB,FA,null,0,null,null,null,142,null,null,0,null,null,null,0,0,null,null
Andrew Hawkins,WR,CLE,WR,CLE,null,6.5571,null,null,null,75,null,null,0.1307,null,null,null,9.1757,3.96,8.2368,null
James Develin,RB,NE,RB,NE,null,0.3149,null,null,null,127,null,null,0.016,null,null,null,0.5249,0,null,null
Rob Housler,TE,FA,TE,FA,null,0,null,null,null,109,null,null,0,null,null,null,0,0,null,null
Vincent Brown,WR,FA,WR,FA,null,0,null,null,null,192,null,null,0,null,null,null,0,0,2.9504,null
T.J. Yates,QB,HOU,QB,HOU,null,0.0108,null,null,null,69,null,null,0.0032,null,null,null,0.0187,0,3.571,null
Will Tukuafu,RB,FA,RB,FA,null,0,null,null,null,142,null,null,0,null,null,null,0,0,null,null
Bryan Walters,WR,JAC,WR,JAC,null,1.987,null,null,null,132,null,null,0.226,null,null,null,3.6478,0.22,5.7141,null
Chris Hogan,WR,NE,WR,NE,null,7.2311,null,null,null,69,null,null,0.1647,null,null,null,9.7676,4.89,6.6253,null
Robert Hughes,RB,FA,RB,FA,null,0,null,null,null,142,null,null,0,null,null,null,0,0,null,null
Drew Davis,WR,FA,WR,FA,null,0,null,null,null,192,null,null,0,null,null,null,0,0,null,null
Jeremy Ross,WR,FA,WR,FA,null,0,null,null,null,192,null,null,0,null,null,null,0,0,2.9504,null
Kamar Aiken,WR,BAL,WR,BAL,null,9.3472,null,null,null,53,null,null,0.166,null,null,null,10.3537,6.9586,4.5556,null
DuJuan Harris,RB,SF,RB,SF,null,1.0039,null,null,null,111,null,null,0.121,null,null,null,1.6312,0,null,null
Henry Hynoski,RB,FA,RB,FA,null,0,null,null,null,142,null,null,0,null,null,null,0,0,null,null
Dontrelle Inman,WR,SD,WR,SD,null,5.5189,null,null,null,89,null,null,0.1796,null,null,null,6.8937,2.5979,5.5036,null
Doug Baldwin,WR,SEA,WR,SEA,null,16.3837,null,null,null,17,null,null,0.3239,null,null,null,19.3847,13.59,5.9038,null
Patrick DiMarco,RB,ATL,RB,ATL,null,1.6977,null,null,null,96,null,null,0.1179,null,null,null,2.4254,1.02,4.789,null
Chris Matthews,WR,BAL,WR,BAL,null,0,null,null,null,192,null,null,0,null,null,null,0,0,null,null
Chase Reynolds,RB,LA,RB,LA,null,0,null,null,null,142,null,null,0,null,null,null,0,0,null,null
Terrelle Pryor,WR,CLE,WR,CLE,null,3,null,null,null,120,null,null,0.1037,null,null,null,3,3,null,null
Terrelle Pryor,QB,CLE,QB,CLE,null,0.15,null,null,null,61,null,null,0.014,null,null,null,0.15,0.15,null,null
Travis Benjamin,WR,SD,WR,SD,null,8.4736,null,null,null,60,null,null,0.139,null,null,null,10.1562,5.2621,5.0871,null
Brandon Bolden,RB,NE,RB,NE,null,2.6108,null,null,null,80,null,null,0.1657,null,null,null,3.6222,0,7.1496,null
Jarrett Boykin,WR,FA,WR,FA,null,0,null,null,null,192,null,null,0,null,null,null,0,0,2.9504,null
LaVon Brazill,WR,FA,WR,FA,null,0,null,null,null,192,null,null,0,null,null,null,0,0,null,null
Ryan Broyles,WR,FA,WR,FA,null,0,null,null,null,192,null,null,0,null,null,null,0,0,null,null
LaRon Byrd,WR,FA,WR,FA,null,0,null,null,null,192,null,null,0,null,null,null,0,0,null,null
Kirk Cousins,QB,WAS,QB,WAS,null,18.8997,null,null,null,10,null,null,0.2608,null,null,null,19.5028,17.87,7.0469,null
Juron Criner,WR,FA,WR,FA,null,0,null,null,null,192,null,null,0,null,null,null,0,0,null,null
Rhett Ellison,TE,MIN,TE,MIN,null,1.98,null,null,null,66,null,null,0.1721,null,null,null,2.862,0.84,null,null
Coby Fleener,TE,NO,TE,NO,null,11.0912,null,null,null,11,null,null,0.4714,null,null,null,12.7775,7.7872,3.8996,null
Michael Floyd,WR,ARI,WR,ARI,null,14.4296,null,null,null,28,null,null,0.7487,null,null,null,18.0153,12.2,6.2707,null
Nick Foles,QB,KC,QB,KC,null,0.5976,null,null,null,46,null,null,0.059,null,null,null,1.1718,0.08,4.8265,null
T.J. Graham,WR,FA,WR,FA,null,0,null,null,null,192,null,null,0,null,null,null,0,0,2.9504,null
Cyrus Gray,RB,ATL,RB,ATL,null,0,null,null,null,142,null,null,0,null,null,null,0,0,null,null
Ladarius Green,TE,PIT,TE,PIT,null,1.1734,null,null,null,73,null,null,0.063,null,null,null,2.0239,0,null,null
Junior Hemingway,WR,FA,WR,FA,null,0,null,null,null,192,null,null,0,null,null,null,0,0,null,null
Dan Herron,RB,FA,RB,FA,null,0,null,null,null,142,null,null,0,null,null,null,0,0,null,null
T.Y. Hilton,WR,IND,WR,IND,null,17.0472,null,null,null,13,null,null,0.2399,null,null,null,19.9849,13.51,6.3374,null
A.J. Jenkins,WR,FA,WR,FA,null,0,null,null,null,192,null,null,0,null,null,null,0,0,null,null
Marvin Jones,WR,DET,WR,DET,null,13.5315,null,null,null,30,null,null,0.4212,null,null,null,15.8032,9.918,5.9813,null
Jermaine Kearse,WR,SEA,WR,SEA,null,8.3222,null,null,null,62,null,null,0.2221,null,null,null,10.8417,5.5031,6.5696,null
Case Keenum,QB,LA,QB,LA,null,11.0555,null,null,null,31,null,null,2.7918,null,null,null,13.0873,4.978,5.8195,null
Ryan Lindley,QB,FA,QB,FA,null,0,null,null,null,76,null,null,0,null,null,null,0,0,null,null
Doug Martin,RB,TB,RB,TB,null,15.0418,null,null,null,9,null,null,0.562,null,null,null,17.3014,13.12,3.194,null
Keshawn Martin,WR,FA,WR,FA,null,0,null,null,null,192,null,null,0,null,null,null,0,0,2.9504,null
Rishard Matthews,WR,TEN,WR,TEN,null,9.6491,null,null,null,49,null,null,0.1117,null,null,null,13.3349,6.7203,6.821,null
Kellen Moore,QB,DAL,QB,DAL,null,0,null,null,null,76,null,null,0,null,null,null,0,0,3.5387,null
Chris Owusu,WR,NYJ,WR,NYJ,null,0.1799,null,null,null,184,null,null,0.0239,null,null,null,0.3111,0,3.4282,null
Isaiah Pead,RB,MIA,RB,MIA,null,1.4316,null,null,null,101,null,null,0.0846,null,null,null,2.5818,0,null,null
DeVier Posey,WR,FA,WR,FA,null,0,null,null,null,192,null,null,0,null,null,null,0,0,null,null
Brian Quick,WR,LA,WR,LA,null,3.6819,null,null,null,108,null,null,0.0223,null,null,null,4.3862,2.37,5.4462,null
Ryan Tannehill,QB,MIA,QB,MIA,null,14.3002,null,null,null,28,null,null,1.1551,null,null,null,15.6715,12.38,6.0441,null
Nick Toon,WR,FA,WR,FA,null,0,null,null,null,192,null,null,0,null,null,null,0,0,2.9504,null
Brandon Weeden,QB,HOU,QB,HOU,null,0.0043,null,null,null,73,null,null,0.0028,null,null,null,0.0094,0,3.5538,null
Russell Wilson,QB,SEA,QB,SEA,null,21.963,null,null,null,1,null,null,0.5921,null,null,null,23.0036,20.86,5.0197,null
Kendall Wright,WR,TEN,WR,TEN,null,1.715,null,null,null,135,null,null,0.0458,null,null,null,2.958,0,7.4902,null
Jarius Wright,WR,MIN,WR,MIN,null,3.5595,null,null,null,112,null,null,0.1184,null,null,null,4.8333,0.8579,6.173,null
Vick Ballard,RB,FA,RB,FA,null,0,null,null,null,142,null,null,0,null,null,null,0,0,null,null
James Hanna,TE,DAL,TE,DAL,null,1.89,null,null,null,67,null,null,0.1969,null,null,null,1.6549,0.6,null,null
Jonas Gray,RB,FA,RB,FA,null,0,null,null,null,142,null,null,0,null,null,null,0,0,null,null
Andrew Luck,QB,IND,QB,IND,null,21.5655,null,null,null,2,null,null,0.6971,null,null,null,23.0061,19.56,7.2902,null
Trent Richardson,RB,FA,RB,FA,null,0,null,null,null,142,null,null,0,null,null,null,0,0,null,null
Robert Griffin,QB,CLE,QB,CLE,null,13.7584,null,null,null,29,null,null,1.9648,null,null,null,16.8586,4.82,10.801,null
Lamar Miller,RB,HOU,RB,HOU,null,17.1308,null,null,null,4,null,null,0.2991,null,null,null,19.3773,10.2618,2.556,null
LaMichael James,RB,FA,RB,FA,null,0,null,null,null,142,null,null,0,null,null,null,0,0,null,null
Chris Polk,RB,HOU,RB,HOU,null,1.7362,null,null,null,94,null,null,0.0199,null,null,null,2.7442,0,null,null
Justin Blackmon,WR,JAC,WR,JAC,null,0,null,null,null,192,null,null,0,null,null,null,0,0,null,null
Alshon Jeffery,WR,CHI,WR,CHI,null,16.6049,null,null,null,16,null,null,0.3714,null,null,null,18.8947,13.2562,5.8685,null
Mohamed Sanu,WR,ATL,WR,ATL,null,9.7457,null,null,null,48,null,null,0.1412,null,null,null,10.8151,7.401,5.189,null
Dwayne Allen,TE,IND,TE,IND,null,9.9212,null,null,null,14,null,null,0.4921,null,null,null,12.5296,4.81,3.8996,null
Orson Charles,TE,DET,TE,DET,null,0.1354,null,null,null,107,null,null,0.0741,null,null,null,0.2335,0,null,null
Austin Davis,QB,DEN,QB,DEN,null,0.0012,null,null,null,75,null,null,0.0012,null,null,null,0.0023,0,3.5424,null
Cory Harkey,TE,LA,TE,LA,null,0.7184,null,null,null,84,null,null,0.0769,null,null,null,1.3099,0,null,null
Brock Osweiler,QB,HOU,QB,HOU,null,17.4067,null,null,null,18,null,null,0.4229,null,null,null,18.5823,14.172,7.0171,null
Ronnie Hillman,RB,FA,RB,FA,null,0,null,null,null,142,null,null,0,null,null,null,0,0,4.0872,null
Alfred Morris,RB,DAL,RB,DAL,null,5.1922,null,null,null,58,null,null,0.2544,null,null,null,7.3181,2.7717,4.9166,null
Robert Turbin,RB,IND,RB,IND,null,3.5478,null,null,null,70,null,null,0.0711,null,null,null,5.0362,1.56,6.703,null
Rueben Randle,WR,FA,WR,FA,null,0,null,null,null,192,null,null,0,null,null,null,0,0,2.8431,null
Stephen Hill,WR,FA,WR,FA,null,0,null,null,null,192,null,null,0,null,null,null,0,0,2.9504,null
Edwin Baker,RB,FA,RB,FA,null,0,null,null,null,142,null,null,0,null,null,null,0,0,null,null
Bernard Pierce,RB,FA,RB,FA,null,0,null,null,null,142,null,null,0,null,null,null,0,0,null,null
Derek Carrier,TE,WAS,TE,WAS,null,0,null,null,null,109,null,null,0,null,null,null,0,0,null,null
Chase Ford,TE,FA,TE,FA,null,0,null,null,null,109,null,null,0,null,null,null,0,0,null,null
Deonte Thompson,WR,CHI,WR,CHI,null,0.6618,null,null,null,162,null,null,0.0338,null,null,null,0.8417,0.43,3.3024,null
Austin Johnson,RB,NO,RB,NO,null,0,null,null,null,142,null,null,0,null,null,null,0,0,null,null
Bobby Rainey,RB,NYG,RB,NYG,null,0.4403,null,null,null,124,null,null,0.0378,null,null,null,0.5613,0.1269,5.2356,null
Adrien Robinson,TE,FA,TE,FA,null,0,null,null,null,109,null,null,0,null,null,null,0,0,null,null
Jonathan Grimes,RB,HOU,RB,HOU,null,1.5909,null,null,null,97,null,null,0.0538,null,null,null,2.367,0.6051,8.1704,null
Daryl Richardson,RB,PIT,RB,PIT,null,1.2816,null,null,null,103,null,null,0.0204,null,null,null,2.1525,0,5.1718,null
Bryce Brown,RB,FA,RB,FA,null,0,null,null,null,142,null,null,0,null,null,null,0,0,null,null
Garrett Celek,TE,SF,TE,SF,null,3.9368,null,null,null,43,null,null,0.0445,null,null,null,4.774,2.3446,7.1546,null
Derrick Coleman,RB,SEA,RB,SEA,null,0,null,null,null,142,null,null,0,null,null,null,0,0,null,null
Matt Simms,QB,FA,QB,FA,null,0,null,null,null,76,null,null,0,null,null,null,0,0,3.5387,null
Brian Tyms,WR,FA,WR,FA,null,0,null,null,null,192,null,null,0,null,null,null,0,0,null,null
Phillip Supernaw,TE,TEN,TE,TEN,null,0.3726,null,null,null,96,null,null,0.043,null,null,null,0.8588,0,null,null
Chris Givens,WR,FA,WR,FA,null,0,null,null,null,192,null,null,0,null,null,null,0,0,2.9504,null
Nathan Palmer,WR,CHI,WR,CHI,null,0,null,null,null,192,null,null,0,null,null,null,0,0,null,null
Joe Banyard,RB,JAC,RB,JAC,null,0,null,null,null,142,null,null,0,null,null,null,0,0,null,null
Cole Beasley,WR,DAL,WR,DAL,null,7.3622,null,null,null,68,null,null,0.1504,null,null,null,7.9078,6.0725,5.1341,null
Lance Dunbar,RB,DAL,RB,DAL,null,3.001,null,null,null,78,null,null,0.2103,null,null,null,4.9112,0,null,null
Saalim Hakim,WR,FA,WR,FA,null,0,null,null,null,192,null,null,0,null,null,null,0,0,null,null
Rod Streater,WR,SF,WR,SF,null,4.0211,null,null,null,105,null,null,0.2329,null,null,null,6.0591,0.72,9.8985,null
Griff Whalen,WR,FA,WR,FA,null,0.3011,null,null,null,181,null,null,0.0671,null,null,null,0.4558,0,3.6194,null
Mike Brown,WR,FA,WR,FA,null,0,null,null,null,192,null,null,0,null,null,null,0,0,null,null
Travaris Cadet,RB,FA,RB,FA,null,0.6889,null,null,null,118,null,null,0.0225,null,null,null,1.1262,0,null,null
Sean McGrath,TE,SD,TE,SD,null,0.276,null,null,null,100,null,null,0.0116,null,null,null,0.6065,0,null,null
Josh Bellamy,WR,CHI,WR,CHI,null,3.6789,null,null,null,109,null,null,0.0602,null,null,null,6.8984,0.43,8.9021,null
Brenton Bersin,WR,CAR,WR,CAR,null,0.579,null,null,null,168,null,null,0.0159,null,null,null,0.917,0,3.7134,null
Brittan Golden,WR,FA,WR,FA,null,0,null,null,null,192,null,null,0,null,null,null,0,0,2.9504,null
Matt Blanchard,QB,FA,QB,FA,null,0,null,null,null,76,null,null,0,null,null,null,0,0,null,null
Damaris Johnson,WR,FA,WR,FA,null,0,null,null,null,192,null,null,0,null,null,null,0,0,2.9504,null
Jamize Olawale,RB,OAK,RB,OAK,null,2.2251,null,null,null,85,null,null,0.0699,null,null,null,2.7999,0.6144,16.5919,null
Cooper Helfet,TE,FA,TE,FA,null,0,null,null,null,109,null,null,0,null,null,null,0,0,null,null
Brandon Bostick,TE,NYJ,TE,NYJ,null,0.2404,null,null,null,103,null,null,0.0328,null,null,null,0.4415,0,null,null
Jorvorskie Lane,RB,FA,RB,FA,null,0,null,null,null,142,null,null,0,null,null,null,0,0,null,null
Josh Gordon,WR,CLE,WR,CLE,null,0,null,null,null,192,null,null,0,null,null,null,0,0,2.9504,null
Larry Donnell,TE,NYG,TE,NYG,null,5.5385,null,null,null,31,null,null,0.1587,null,null,null,7.8559,2.4068,5.749,null
Michael Williams,TE,FA,TE,FA,null,0,null,null,null,109,null,null,0,null,null,null,0,0,null,null
Cameron Marshall,RB,FA,RB,FA,null,0,null,null,null,142,null,null,0,null,null,null,0,0,null,null
Chris Gragg,TE,BUF,TE,BUF,null,0,null,null,null,109,null,null,0,null,null,null,0,0,null,null
Cobi Hamilton,WR,FA,WR,FA,null,0,null,null,null,192,null,null,0,null,null,null,0,0,2.9504,null
Terrance Williams,WR,DAL,WR,DAL,null,9.1496,null,null,null,55,null,null,0.3562,null,null,null,10.5855,7,6.3103,null
Chris Pantale,TE,FA,TE,FA,null,0,null,null,null,109,null,null,0,null,null,null,0,0,null,null
Kenbrell Thompkins,WR,FA,WR,FA,null,0.5826,null,null,null,167,null,null,0.0041,null,null,null,0.9875,0,4.4557,null
Andre Ellington,RB,ARI,RB,ARI,null,3.7371,null,null,null,69,null,null,0.2225,null,null,null,4.4507,2.4358,5.108,null
EJ Manuel,QB,BUF,QB,BUF,null,0.2273,null,null,null,58,null,null,0.014,null,null,null,0.2769,0.124,3.7235,null
Tavarres King,WR,NYG,WR,NYG,null,0.7319,null,null,null,158,null,null,0.0311,null,null,null,1.3845,0,4.3415,null
Chris Harper,WR,FA,WR,FA,null,0,null,null,null,192,null,null,0,null,null,null,0,0,null,null
Quinton Patton,WR,SF,WR,SF,null,7.1924,null,null,null,70,null,null,0.2754,null,null,null,7.7093,5.471,5.5064,null
Aaron Dobson,WR,FA,WR,FA,null,0,null,null,null,192,null,null,0,null,null,null,0,0,2.9504,null
Zac Dysert,QB,FA,QB,FA,null,0,null,null,null,76,null,null,0,null,null,null,0,0,null,null
Denard Robinson,RB,JAC,RB,JAC,null,4.8472,null,null,null,61,null,null,0.1388,null,null,null,9.6506,0.59,null,null
Rex Burkhead,RB,CIN,RB,CIN,null,1.0794,null,null,null,108,null,null,0.0464,null,null,null,1.4336,0.39,null,null
Mike Glennon,QB,TB,QB,TB,null,0.6114,null,null,null,44,null,null,0.0133,null,null,null,1.1069,0.158,4.9993,null
Jake Stoneburner,TE,FA,TE,FA,null,0,null,null,null,109,null,null,0,null,null,null,0,0,null,null
Landry Jones,QB,PIT,QB,PIT,null,0.6492,null,null,null,42,null,null,0.0195,null,null,null,1.0494,0.052,4.5127,null
Kenjon Barner,RB,PHI,RB,PHI,null,2.043,null,null,null,90,null,null,0.1029,null,null,null,3.0824,0.15,6.065,null
Markus Wheaton,WR,PIT,WR,PIT,null,9.2128,null,null,null,54,null,null,0.2236,null,null,null,11.2005,5.335,7.7393,null
Zach Line,RB,MIN,RB,MIN,null,1.4704,null,null,null,100,null,null,0.0484,null,null,null,2.3165,0.49,4.2786,null
Matt Barkley,QB,FA,QB,FA,null,0,null,null,null,76,null,null,0,null,null,null,0,0,3.5387,null
Brad Sorensen,QB,MIN,QB,MIN,null,0,null,null,null,76,null,null,0,null,null,null,0,0,null,null
Stepfan Taylor,RB,ARI,RB,ARI,null,0.3774,null,null,null,126,null,null,0.07,null,null,null,0.6183,0,null,null
Christine Michael,RB,SEA,RB,SEA,null,10.1324,null,null,null,31,null,null,0.1534,null,null,null,12.3112,3.3479,7.2772,null
Joseph Fauria,TE,FA,TE,FA,null,0,null,null,null,109,null,null,0,null,null,null,0,0,null,null
Geno Smith,QB,NYJ,QB,NYJ,null,1.8955,null,null,null,36,null,null,0.417,null,null,null,3.9255,0.2,4.6992,null
Tavon Austin,WR,LA,WR,LA,null,12.8449,null,null,null,32,null,null,0.3032,null,null,null,15.2264,10.0797,6.2375,null
Montee Ball,RB,FA,RB,FA,null,0,null,null,null,142,null,null,0,null,null,null,0,0,null,null
Brandon Williams,TE,SEA,TE,SEA,null,0.3108,null,null,null,98,null,null,0.0231,null,null,null,0.3681,0.25,null,null
Mike Gillislee,RB,BUF,RB,BUF,null,3.7605,null,null,null,68,null,null,0.1181,null,null,null,5.5945,0.7998,null,null
Rodney Smith,WR,FA,WR,FA,null,0,null,null,null,192,null,null,0,null,null,null,0,0,2.9504,null
Ryan Nassib,QB,NYG,QB,NYG,null,0.2539,null,null,null,57,null,null,0.0274,null,null,null,0.4173,0.024,3.9863,null
Marquise Goodwin,WR,BUF,WR,BUF,null,2.8606,null,null,null,122,null,null,0.3023,null,null,null,4.8831,0.0093,7.066,null
Kerwynn Williams,RB,FA,RB,FA,null,0,null,null,null,142,null,null,0,null,null,null,0,0,null,null
Mychal Rivera,TE,OAK,TE,OAK,null,4.796,null,null,null,36,null,null,0.2657,null,null,null,5.9056,3.16,5.897,null
Marlon Brown,WR,FA,WR,FA,null,0,null,null,null,192,null,null,0,null,null,null,0,0,2.9504,null
Chris Thompson,RB,WAS,RB,WAS,null,7.9665,null,null,null,46,null,null,0.6126,null,null,null,10.1446,4.52,null,null
Theo Riddick,RB,DET,RB,DET,null,11.6816,null,null,null,22,null,null,0.1007,null,null,null,14.4961,7.61,3.7044,null
Fozzy Whittaker,RB,CAR,RB,CAR,null,2.3292,null,null,null,83,null,null,0.0632,null,null,null,3.2143,1.27,10.6585,null
Cordarrelle Patterson,WR,MIN,WR,MIN,null,0.8896,null,null,null,152,null,null,0.0387,null,null,null,1.5214,0.11,4.1165,null
Tyler Eifert,TE,CIN,TE,CIN,null,0,null,null,null,109,null,null,0,null,null,null,0,0,null,null
Justin Hunter,WR,MIA,WR,MIA,null,1.1651,null,null,null,146,null,null,0.0434,null,null,null,1.5403,0.45,3.8834,null
Keenan Allen,WR,SD,WR,SD,null,17.8739,null,null,null,6,null,null,0.2542,null,null,null,20.5375,13.7931,10.5125,null
Giovani Bernard,RB,CIN,RB,CIN,null,10.6089,null,null,null,27,null,null,0.2984,null,null,null,11.333,8.7287,3.9596,null
Stedman Bailey,WR,LA,WR,LA,null,0,null,null,null,192,null,null,0,null,null,null,0,0,2.9504,null
Zach Ertz,TE,PHI,TE,PHI,null,11.0639,null,null,null,12,null,null,1.0154,null,null,null,12.5626,8.9373,3.7516,null
Jordan Reed,TE,WAS,TE,WAS,null,15.6396,null,null,null,2,null,null,1.5759,null,null,null,18.0451,11.44,2.494,null
DeAndre Hopkins,WR,HOU,WR,HOU,null,20.4394,null,null,null,4,null,null,2.2237,null,null,null,22.0545,17.74,4.5084,null
Eddie Lacy,RB,GB,RB,GB,null,13.4954,null,null,null,14,null,null,0.3865,null,null,null,14.9385,8.9642,3.1302,null
Robert Woods,WR,BUF,WR,BUF,null,7.7563,null,null,null,67,null,null,0.4596,null,null,null,8.5678,5.4685,5.5254,null
Joseph Randle,RB,FA,RB,FA,null,0,null,null,null,142,null,null,0,null,null,null,0,0,null,null
Tyler Bray,QB,KC,QB,KC,null,0,null,null,null,76,null,null,0,null,null,null,0,0,3.5387,null
LeVeon Bell,RB,PIT,RB,PIT,null,0,null,null,null,142,null,null,0,null,null,null,0,0,null,null
Marquess Wilson,WR,CHI,WR,CHI,null,1.67,null,null,null,136,null,null,0.0212,null,null,null,1.67,1.67,null,null
Knile Davis,RB,KC,RB,KC,null,2.3069,null,null,null,84,null,null,0.0943,null,null,null,4.153,0.8,7.4686,null
Josh Boyce,WR,FA,WR,FA,null,0,null,null,null,192,null,null,0,null,null,null,0,0,2.9504,null
Dion Sims,TE,MIA,TE,MIA,null,2.6856,null,null,null,57,null,null,0.1239,null,null,null,3.6042,1,4.4174,null
Kenny Stills,WR,MIA,WR,MIA,null,8.0172,null,null,null,64,null,null,0.0883,null,null,null,10.178,5.17,6.535,null
Levine Toilolo,TE,ATL,TE,ATL,null,0.5536,null,null,null,87,null,null,0.034,null,null,null,0.8537,0,null,null
Spencer Ware,RB,KC,RB,KC,null,13.4155,null,null,null,15,null,null,0.6647,null,null,null,15.5374,11.2307,6.5754,null
Gavin Escobar,TE,DAL,TE,DAL,null,2.553,null,null,null,59,null,null,0.175,null,null,null,3.4557,1.4854,null,null
Vance McDonald,TE,SF,TE,SF,null,9.0833,null,null,null,16,null,null,0.8518,null,null,null,12.8214,6.48,4.4174,null
Mike James,RB,FA,RB,FA,null,0,null,null,null,142,null,null,0,null,null,null,0,0,null,null
Tommy Bohanon,RB,FA,RB,FA,null,0,null,null,null,142,null,null,0,null,null,null,0,0,null,null
Kyle Juszczyk,RB,BAL,RB,BAL,null,3.0613,null,null,null,77,null,null,0.0756,null,null,null,3.668,1.86,4.2786,null
Jack Doyle,TE,IND,TE,IND,null,4.3119,null,null,null,38,null,null,0.1362,null,null,null,5.7756,2.4887,3.3078,null
Nick Kasa,TE,FA,TE,FA,null,0,null,null,null,109,null,null,0,null,null,null,0,0,null,null
Justice Cunningham,TE,FA,TE,FA,null,0,null,null,null,109,null,null,0,null,null,null,0,0,null,null
Travis Kelce,TE,KC,TE,KC,null,14.3054,null,null,null,3,null,null,0.5692,null,null,null,16.6484,11.78,2.9379,null
MarQueis Gray,TE,MIA,TE,MIA,null,0.2994,null,null,null,99,null,null,0.0235,null,null,null,0.5254,0,null,null
Corey Fuller,WR,DET,WR,DET,null,0,null,null,null,192,null,null,0,null,null,null,0,0,2.9504,null
Sean Renfree,QB,FA,QB,FA,null,0,null,null,null,76,null,null,0,null,null,null,0,0,3.5387,null
C.J. Anderson,RB,DEN,RB,DEN,null,13.8328,null,null,null,13,null,null,0.3773,null,null,null,17.1766,10.92,3.9596,null
Zac Stacy,RB,FA,RB,FA,null,0,null,null,null,142,null,null,0,null,null,null,0,0,null,null
Matthew Tucker,RB,PHI,RB,PHI,null,0,null,null,null,142,null,null,0,null,null,null,0,0,null,null
Nick Williams,WR,FA,WR,FA,null,0.6237,null,null,null,164,null,null,0.0238,null,null,null,0.9442,0,4.3362,null
Darren Fells,TE,ARI,TE,ARI,null,5.4788,null,null,null,32,null,null,0.3902,null,null,null,7.5505,3.67,4.7873,null
Ifeanyi Momah,TE,FA,TE,FA,null,0,null,null,null,109,null,null,0,null,null,null,0,0,null,null
Charles Johnson,WR,MIN,WR,MIN,null,5.224,null,null,null,91,null,null,0.0973,null,null,null,7.4388,0.86,7.3039,null
Zach Sudfeld,TE,FA,TE,FA,null,0,null,null,null,109,null,null,0,null,null,null,0,0,null,null
Latavius Murray,RB,OAK,RB,OAK,null,14.1618,null,null,null,11,null,null,0.3224,null,null,null,15.2791,10.5414,3.0026,null
Ryan Griffin,QB,TB,QB,TB,null,0,null,null,null,76,null,null,0,null,null,null,0,0,3.5387,null
Demetrius Harris,TE,KC,TE,KC,null,2.8374,null,null,null,54,null,null,0.0588,null,null,null,5.8449,0.33,3.3078,null
Luke Willson,TE,SEA,TE,SEA,null,4.7487,null,null,null,37,null,null,0.4901,null,null,null,6.094,2.9192,5.1572,null
Justin Brown,WR,FA,WR,FA,null,0,null,null,null,192,null,null,0,null,null,null,0,0,null,null
Ryan Griffin,TE,HOU,TE,HOU,null,4.8065,null,null,null,35,null,null,0.0341,null,null,null,5.6968,2.99,4.0475,null
Brice Butler,WR,DAL,WR,DAL,null,4.2193,null,null,null,102,null,null,0.0568,null,null,null,7.5707,1.17,8.0147,null
Kevin Dorsey,WR,NE,WR,NE,null,0,null,null,null,192,null,null,0,null,null,null,0,0,null,null
B.J. Daniels,QB,FA,QB,FA,null,0,null,null,null,76,null,null,0,null,null,null,0,0,null,null
B.J. Daniels,WR,FA,WR,FA,null,0,null,null,null,192,null,null,0,null,null,null,0,0,null,null
Michael Cox,RB,FA,RB,FA,null,0,null,null,null,142,null,null,0,null,null,null,0,0,null,null
Brian Leonhardt,TE,OAK,TE,OAK,null,0,null,null,null,109,null,null,0,null,null,null,0,0,null,null
Benny Cunningham,RB,LA,RB,LA,null,5.2747,null,null,null,57,null,null,0.1937,null,null,null,6.2641,2.9798,4.6614,null
Tim Wright,TE,DET,TE,DET,null,0.41,null,null,null,93,null,null,0.0231,null,null,null,0.41,0.41,null,null
Kendall Gaskins,RB,FA,RB,FA,null,0,null,null,null,142,null,null,0,null,null,null,0,0,null,null
Adam Thielen,WR,MIN,WR,MIN,null,2.1596,null,null,null,129,null,null,0.0705,null,null,null,3.224,0.46,4.6441,null
Frankie Hammond,WR,FA,WR,FA,null,0.1639,null,null,null,185,null,null,0.0204,null,null,null,0.292,0,3.2457,null
Josh Hill,TE,NO,TE,NO,null,4.146,null,null,null,40,null,null,0.1045,null,null,null,6.5628,2,5.823,null
Eric Rogers,WR,SF,WR,SF,null,0,null,null,null,192,null,null,0,null,null,null,0,0,null,null
Myles White,WR,FA,WR,FA,null,0.46,null,null,null,173,null,null,0.0706,null,null,null,0.46,0.46,null,null
George Winn,RB,FA,RB,FA,null,0,null,null,null,142,null,null,0,null,null,null,0,0,null,null
Rashad Ross,WR,WAS,WR,WAS,null,0.9829,null,null,null,150,null,null,0.049,null,null,null,1.3609,0.6,3.608,null
Russell Shepard,WR,TB,WR,TB,null,0.3058,null,null,null,180,null,null,0.0199,null,null,null,0.4129,0.19,3.1565,null
Jaron Brown,WR,ARI,WR,ARI,null,1.5698,null,null,null,139,null,null,0.1532,null,null,null,2.643,0.48,5.0119,null
Khiry Robinson,RB,FA,RB,FA,null,1.2796,null,null,null,104,null,null,0.05,null,null,null,1.7848,0,2.3646,null
Matt McGloin,QB,OAK,QB,OAK,null,0.6481,null,null,null,43,null,null,0.0432,null,null,null,1.291,0.048,5.2569,null
Sammy Watkins,WR,BUF,WR,BUF,null,17.0823,null,null,null,12,null,null,0.0954,null,null,null,20.4648,14.2322,8.6243,null
Johnny Manziel,QB,FA,QB,FA,null,0,null,null,null,76,null,null,0,null,null,null,0,0,null,null
Teddy Bridgewater,QB,MIN,QB,MIN,null,0,null,null,null,76,null,null,0,null,null,null,0,0,3.5387,null
Eric Ebron,TE,DET,TE,DET,null,7.4414,null,null,null,20,null,null,0.3556,null,null,null,10.4125,2,null,null
Mike Evans,WR,TB,WR,TB,null,17.3593,null,null,null,10,null,null,0.1825,null,null,null,21.1717,13.7073,6.563,null
Kelvin Benjamin,WR,CAR,WR,CAR,null,10.708,null,null,null,44,null,null,0.2867,null,null,null,13.099,7.6426,6.2778,null
Marqise Lee,WR,JAC,WR,JAC,null,5.5898,null,null,null,87,null,null,0.0374,null,null,null,7.4324,3.13,6.113,null
Blake Bortles,QB,JAC,QB,JAC,null,18.3989,null,null,null,12,null,null,0.1726,null,null,null,19.4307,17.26,5.8581,null
Jace Amaro,TE,TEN,TE,TEN,null,1.2446,null,null,null,71,null,null,0.0552,null,null,null,2.327,0.19,12.185,null
Jarvis Landry,WR,MIA,WR,MIA,null,16.6878,null,null,null,15,null,null,0.1935,null,null,null,20.7018,13.53,6.3897,null
Paul Richardson,WR,SEA,WR,SEA,null,3.356,null,null,null,115,null,null,0.128,null,null,null,3.8396,2.51,4.7269,null
Davante Adams,WR,GB,WR,GB,null,6.9404,null,null,null,71,null,null,0.0731,null,null,null,8.479,5.0031,5.7301,null
Odell Beckham,WR,NYG,WR,NYG,null,21.0034,null,null,null,3,null,null,1.505,null,null,null,22.9379,15.1482,5.562,null
AJ McCarron,QB,CIN,QB,CIN,null,0.5957,null,null,null,47,null,null,0.1234,null,null,null,1.1731,0.04,5.2252,null
Brandin Cooks,WR,NO,WR,NO,null,17.3965,null,null,null,9,null,null,0.0812,null,null,null,20.3146,14.61,5.8395,null
Derek Carr,QB,OAK,QB,OAK,null,20.4686,null,null,null,5,null,null,0.455,null,null,null,21.2058,19.9503,5.107,null
Jordan Matthews,WR,PHI,WR,PHI,null,12.4153,null,null,null,35,null,null,0.0452,null,null,null,13.8433,9.4679,6.4015,null
Tre Mason,RB,LA,RB,LA,null,0,null,null,null,142,null,null,0,null,null,null,0,0,null,null
Allen Robinson,WR,JAC,WR,JAC,null,17.2713,null,null,null,11,null,null,0.2066,null,null,null,19.9938,13.4938,5.1069,null
KaDeem Carey,RB,CHI,RB,CHI,null,4.1935,null,null,null,67,null,null,0.4447,null,null,null,5.3766,2.6351,4.9166,null
Lache Seastrunk,RB,FA,RB,FA,null,0,null,null,null,142,null,null,0,null,null,null,0,0,null,null
Andre Williams,RB,SD,RB,SD,null,0.8617,null,null,null,113,null,null,0.0198,null,null,null,1.4492,0,8.617,null
Storm Johnson,RB,FA,RB,FA,null,0,null,null,null,142,null,null,0,null,null,null,0,0,null,null
Martavis Bryant,WR,PIT,WR,PIT,null,0,null,null,null,192,null,null,0,null,null,null,0,0,2.9504,null
Devonta Freeman,RB,ATL,RB,ATL,null,18.5555,null,null,null,2,null,null,0.8256,null,null,null,22.5034,15.13,3.194,null
Aaron Murray,QB,FA,QB,FA,null,0,null,null,null,76,null,null,0,null,null,null,0,0,3.5387,null
Cody Latimer,WR,DEN,WR,DEN,null,2.5265,null,null,null,125,null,null,0.2135,null,null,null,3.0934,1.67,4.3038,null
Dri Archer,RB,BUF,RB,BUF,null,0.0092,null,null,null,140,null,null,0.0069,null,null,null,0.0172,0,null,null
Alfred Blue,RB,HOU,RB,HOU,null,4.2835,null,null,null,65,null,null,0.0633,null,null,null,7.7695,0.7404,5.1718,null
Jeremy Hill,RB,CIN,RB,CIN,null,10.3529,null,null,null,28,null,null,0.1051,null,null,null,13.4436,6.94,4.5976,null
Zach Mettenberger,QB,PIT,QB,PIT,null,0.0452,null,null,null,68,null,null,0.0353,null,null,null,0.0846,0,3.6765,null
Donte Moncrief,WR,IND,WR,IND,null,14.7596,null,null,null,25,null,null,0.1101,null,null,null,16.4396,8.9496,6.1138,null
Walt Powell,WR,BUF,WR,BUF,null,0.1168,null,null,null,188,null,null,0.0311,null,null,null,0.293,-0.01,3.3761,null
Troy Niklas,TE,ARI,TE,ARI,null,0.6885,null,null,null,85,null,null,0.1145,null,null,null,0.8357,0.41,3.6777,null
DeAnthony Thomas,WR,KC,WR,KC,null,1.2753,null,null,null,142,null,null,0.0105,null,null,null,2.2756,0.48,4.4625,null
Tom Savage,QB,HOU,QB,HOU,null,0.3598,null,null,null,52,null,null,0.0356,null,null,null,0.7828,-0.02,4.7191,null
Devin Street,WR,FA,WR,FA,null,0.5481,null,null,null,170,null,null,0.026,null,null,null,0.8101,0,3.731,null
Bruce Ellington,WR,SF,WR,SF,null,4.9643,null,null,null,95,null,null,0.2981,null,null,null,8.5626,0,16.092,null
Tyler Gaffney,RB,FA,RB,FA,null,0,null,null,null,142,null,null,0,null,null,null,0,0,null,null
Terrance West,RB,BAL,RB,BAL,null,6.8923,null,null,null,49,null,null,0.3586,null,null,null,7.6288,4.197,4.9804,null
Bishop Sankey,RB,FA,RB,FA,null,0,null,null,null,142,null,null,0,null,null,null,0,0,null,null
Austin Seferian-Jenkins,TE,TB,TE,TB,null,5.6162,null,null,null,30,null,null,0.1075,null,null,null,6.9679,2.5,5.4531,null
Kevin Norwood,WR,CAR,WR,CAR,null,0.2708,null,null,null,182,null,null,0.0823,null,null,null,0.4671,0,3.6672,null
Marion Grice,RB,FA,RB,FA,null,0,null,null,null,142,null,null,0,null,null,null,0,0,null,null
Jay Prosch,RB,HOU,RB,HOU,null,0.2837,null,null,null,130,null,null,0.0695,null,null,null,0.417,0.11,null,null
Lorenzo Taliaferro,RB,BAL,RB,BAL,null,0,null,null,null,142,null,null,0,null,null,null,0,0,null,null
Arthur Lynch,TE,FA,TE,FA,null,0,null,null,null,109,null,null,0,null,null,null,0,0,null,null
Jerick McKinnon,RB,MIN,RB,MIN,null,6.2387,null,null,null,54,null,null,0.2668,null,null,null,7.5995,5,null,null
C.J. Fiedorowicz,TE,HOU,TE,HOU,null,2.8277,null,null,null,55,null,null,0.1202,null,null,null,3.642,1.69,5.971,null
Carlos Hyde,RB,SF,RB,SF,null,11.3042,null,null,null,26,null,null,0.8233,null,null,null,13.1082,8.17,null,null
Josh Huff,WR,PHI,WR,PHI,null,4.495,null,null,null,98,null,null,0.1998,null,null,null,5.5602,3.09,7.2775,null
Jeff Janis,WR,GB,WR,GB,null,2.5638,null,null,null,123,null,null,0.0242,null,null,null,5.8874,0,8.5156,null
David Fales,QB,FA,QB,FA,null,0,null,null,null,76,null,null,0,null,null,null,0,0,3.5387,null
Ryan Grant,WR,WAS,WR,WAS,null,4.2608,null,null,null,101,null,null,0.0657,null,null,null,6.714,1.12,7.4723,null
Shaq Evans,WR,JAC,WR,JAC,null,0,null,null,null,192,null,null,0,null,null,null,0,0,null,null
Logan Thomas,QB,FA,QB,FA,null,0,null,null,null,76,null,null,0,null,null,null,0,0,3.5387,null
Charles Sims,RB,TB,RB,TB,null,9.8934,null,null,null,33,null,null,0.1992,null,null,null,10.9763,7.4,3.8958,null
James White,RB,NE,RB,NE,null,11.4288,null,null,null,25,null,null,0.4722,null,null,null,13.2459,8.92,4.4062,null
Jared Abbrederis,WR,GB,WR,GB,null,4.1539,null,null,null,104,null,null,0.2476,null,null,null,6.8285,1.73,5.8487,null
Robert Herron,WR,FA,WR,FA,null,0,null,null,null,192,null,null,0,null,null,null,0,0,2.9504,null
Keith Wenning,QB,FA,QB,FA,null,0,null,null,null,76,null,null,0,null,null,null,0,0,3.5387,null
Matt Hazel,WR,FA,WR,FA,null,0,null,null,null,192,null,null,0,null,null,null,0,0,2.9504,null
Crockett Gillmore,TE,BAL,TE,BAL,null,6.5867,null,null,null,26,null,null,0.0832,null,null,null,8.6172,4.0238,4.4174,null
Jimmy Garoppolo,QB,NE,QB,NE,null,16.8763,null,null,null,20,null,null,0.61,null,null,null,19.2222,13.1,7.4969,null
Quincy Enunwa,WR,NYJ,WR,NYJ,null,5.586,null,null,null,88,null,null,0.0993,null,null,null,7.5794,3.33,7.4527,null
T.J. Jones,WR,FA,WR,FA,null,0,null,null,null,192,null,null,0,null,null,null,0,0,2.9504,null
John Brown,WR,ARI,WR,ARI,null,11.2127,null,null,null,40,null,null,0.1845,null,null,null,13.4252,7.4491,7.7606,null
Garrett Gilbert,QB,FA,QB,FA,null,0,null,null,null,76,null,null,0,null,null,null,0,0,null,null
James Wright,WR,CIN,WR,CIN,null,0.6014,null,null,null,165,null,null,0.011,null,null,null,1.1794,0,4.2202,null
Michael Campanaro,WR,BAL,WR,BAL,null,0,null,null,null,192,null,null,0,null,null,null,0,0,2.9504,null
Isaiah Burse,WR,SD,WR,SD,null,0.1388,null,null,null,187,null,null,0.0308,null,null,null,0.2928,0,3.2314,null
Jeremy Butler,WR,FA,WR,FA,null,0,null,null,null,192,null,null,0,null,null,null,0,0,2.9504,null
Isaiah Crowell,RB,CLE,RB,CLE,null,8.9503,null,null,null,41,null,null,0.29,null,null,null,10.4383,7.2119,5.3632,null
Bennie Fowler,WR,DEN,WR,DEN,null,1.2636,null,null,null,144,null,null,0.061,null,null,null,2.1796,0,6.2955,null
Ryan Hewitt,TE,CIN,TE,CIN,null,3.2498,null,null,null,49,null,null,0.0742,null,null,null,5.4679,0.4,null,null
Jonathan Krause,WR,FA,WR,FA,null,0,null,null,null,192,null,null,0,null,null,null,0,0,2.9504,null
Freddie Martino,WR,ATL,WR,ATL,null,0,null,null,null,192,null,null,0,null,null,null,0,0,2.9504,null
Rajion Neal,RB,CLE,RB,CLE,null,0,null,null,null,142,null,null,0,null,null,null,0,0,null,null
Roosevelt Nix,RB,PIT,RB,PIT,null,0.0786,null,null,null,138,null,null,0.0515,null,null,null,0.1332,0,null,null
Justin Perillo,TE,GB,TE,GB,null,0.778,null,null,null,81,null,null,0.0257,null,null,null,0.876,0.68,null,null
Bryn Renner,QB,FA,QB,FA,null,0,null,null,null,76,null,null,0,null,null,null,0,0,3.5387,null
Connor Shaw,QB,CLE,QB,CLE,null,0,null,null,null,76,null,null,0,null,null,null,0,0,null,null
Willie Snead,WR,NO,WR,NO,null,13.3757,null,null,null,31,null,null,0.6447,null,null,null,17.4423,9.97,6.5767,null
Juwan Thompson,RB,FA,RB,FA,null,0,null,null,null,142,null,null,0,null,null,null,0,0,null,null
Charcandrick West,RB,KC,RB,KC,null,9.1243,null,null,null,37,null,null,0.0864,null,null,null,11.1614,5.9305,null,null
Nikita Whitlock,RB,NYG,RB,NYG,null,0.0903,null,null,null,135,null,null,0.0051,null,null,null,0.1557,0,null,null
James Wilder,RB,CIN,RB,CIN,null,0,null,null,null,142,null,null,0,null,null,null,0,0,null,null
Albert Wilson,WR,KC,WR,KC,null,6.8409,null,null,null,73,null,null,0.2739,null,null,null,9.6858,4.83,6.4538,null
Blake Annen,TE,FA,TE,FA,null,0,null,null,null,109,null,null,0,null,null,null,0,0,null,null
Trey Burton,TE,PHI,TE,PHI,null,1.6603,null,null,null,69,null,null,0.3225,null,null,null,2.5921,0,null,null
Richard Rodgers,TE,GB,TE,GB,null,5.2808,null,null,null,33,null,null,0.4294,null,null,null,7.115,3.05,4.7133,null
Brandon Coleman,WR,NO,WR,NO,null,3.2094,null,null,null,117,null,null,0.1587,null,null,null,5.6654,0.51,5.9173,null
Kain Colter,WR,FA,WR,FA,null,0,null,null,null,192,null,null,0,null,null,null,0,0,2.9504,null
Allen Hurns,WR,JAC,WR,JAC,null,10.9695,null,null,null,42,null,null,0.1621,null,null,null,11.9171,9.611,4.1918,null
Nic Jacobs,TE,FA,TE,FA,null,0,null,null,null,109,null,null,0,null,null,null,0,0,null,null
Marcel Jensen,TE,WAS,TE,WAS,null,0,null,null,null,109,null,null,0,null,null,null,0,0,null,null
Seantavius Jones,WR,FA,WR,FA,null,0,null,null,null,192,null,null,0,null,null,null,0,0,2.9504,null
Stephen Morris,QB,FA,QB,FA,null,0,null,null,null,76,null,null,0,null,null,null,0,0,3.5387,null
Erik Swoope,TE,IND,TE,IND,null,0.5358,null,null,null,88,null,null,0.0563,null,null,null,0.7331,0.36,null,null
Dustin Vaughan,QB,DAL,QB,DAL,null,0,null,null,null,76,null,null,0,null,null,null,0,0,null,null
Corey Washington,WR,FA,WR,FA,null,0,null,null,null,192,null,null,0,null,null,null,0,0,2.9504,null
Tony Washington,WR,FA,WR,FA,null,0,null,null,null,192,null,null,0,null,null,null,0,0,null,null
Asante Cleveland,TE,FA,TE,FA,null,0.2527,null,null,null,102,null,null,0.0169,null,null,null,0.3872,0,null,null
Javontee Herndon,WR,SD,WR,SD,null,0.8575,null,null,null,153,null,null,0.0186,null,null,null,1.479,0,5.2203,null
Antonio Andrews,RB,TEN,RB,TEN,null,1.8093,null,null,null,93,null,null,0.0737,null,null,null,3.2316,0.1,9.7015,null
Orleans Darkwa,RB,NYG,RB,NYG,null,2.0641,null,null,null,88,null,null,0.0138,null,null,null,2.9654,0.1831,4.5976,null
Gator Hoskins,TE,FA,TE,FA,null,0,null,null,null,109,null,null,0,null,null,null,0,0,null,null
Damien Williams,RB,MIA,RB,MIA,null,2.3347,null,null,null,82,null,null,0.0167,null,null,null,3.9425,0,7.0858,null
Xavier Grimble,TE,PIT,TE,PIT,null,1.0299,null,null,null,77,null,null,0.1602,null,null,null,1.1313,0.89,13.3687,null
Silas Redd,RB,WAS,RB,WAS,null,0.8321,null,null,null,116,null,null,0.0939,null,null,null,1.3252,0,null,null
George Atkinson,RB,CLE,RB,CLE,null,0.2978,null,null,null,129,null,null,0.0418,null,null,null,0.7328,0,null,null
Kapri Bibbs,RB,DEN,RB,DEN,null,1.0129,null,null,null,110,null,null,0.0589,null,null,null,1.5504,0.24,null,null
Philly Brown,WR,CAR,WR,CAR,null,3.7914,null,null,null,106,null,null,0.058,null,null,null,4.7852,1.2645,4.959,null
Darrin Reaves,RB,FA,RB,FA,null,0,null,null,null,142,null,null,0,null,null,null,0,0,null,null
Seth Roberts,WR,OAK,WR,OAK,null,6.2621,null,null,null,78,null,null,0.0993,null,null,null,7.1512,4.3031,5.4105,null
RaShaun Allen,TE,SEA,TE,SEA,null,0,null,null,null,109,null,null,0,null,null,null,0,0,null,null
Taylor Gabriel,WR,ATL,WR,ATL,null,0.8335,null,null,null,155,null,null,0.0752,null,null,null,1.6495,0,4.7833,null
Senorise Perry,RB,FA,RB,FA,null,0,null,null,null,142,null,null,0,null,null,null,0,0,null,null
Cameron Brate,TE,TB,TE,TB,null,6.1412,null,null,null,29,null,null,0.5638,null,null,null,6.7107,4.6612,4.4174,null
Branden Oliver,RB,SD,RB,SD,null,0,null,null,null,142,null,null,0,null,null,null,0,0,null,null
Kevin Smith,WR,SEA,WR,SEA,null,0,null,null,null,192,null,null,0,null,null,null,0,0,null,null
Fitzgerald Toussaint,RB,PIT,RB,PIT,null,4.7769,null,null,null,62,null,null,0.1605,null,null,null,7.1013,2.6925,6.1288,null
Josh Harris,RB,PIT,RB,PIT,null,0,null,null,null,142,null,null,0,null,null,null,0,0,null,null
Glenn Winston,RB,CLE,RB,CLE,null,0,null,null,null,142,null,null,0,null,null,null,0,0,null,null
Jerome Cunningham,TE,FA,TE,FA,null,0,null,null,null,109,null,null,0,null,null,null,0,0,null,null
Jameis Winston,QB,TB,QB,TB,null,17.9888,null,null,null,15,null,null,0.283,null,null,null,18.9918,14.8,6.1163,null
Bryce Petty,QB,NYJ,QB,NYJ,null,0.009,null,null,null,70,null,null,0.0037,null,null,null,0.0135,0,3.5603,null
Garrett Grayson,QB,FA,QB,FA,null,0,null,null,null,76,null,null,0,null,null,null,0,0,3.5387,null
Ameer Abdullah,RB,DET,RB,DET,null,9.4472,null,null,null,36,null,null,0.3652,null,null,null,10.5577,7.25,4.2786,null
Cameron Artis-Payne,RB,CAR,RB,CAR,null,2.1104,null,null,null,87,null,null,0.0496,null,null,null,3.2277,0.4159,null,null
David Cobb,RB,FA,RB,FA,null,0,null,null,null,142,null,null,0,null,null,null,0,0,null,null
Jeremy Langford,RB,CHI,RB,CHI,null,12.1819,null,null,null,19,null,null,0.2454,null,null,null,14.6776,9.4305,4.789,null
Karlos Williams,RB,FA,RB,FA,null,0,null,null,null,142,null,null,0,null,null,null,0,0,null,null
Malcolm Brown,RB,LA,RB,LA,null,1.5055,null,null,null,99,null,null,0.0546,null,null,null,2.1184,0.74,5.5546,null
Terrence Magee,RB,BAL,RB,BAL,null,0,null,null,null,142,null,null,0,null,null,null,0,0,null,null
Ben Koyack,TE,JAC,TE,JAC,null,0.4261,null,null,null,91,null,null,0.0118,null,null,null,0.7942,0,null,null
Clive Walford,TE,OAK,TE,OAK,null,8.0688,null,null,null,18,null,null,0.4946,null,null,null,10.0407,4.5,4.2695,null
Jeff Heuerman,TE,DEN,TE,DEN,null,2.9159,null,null,null,53,null,null,0.0833,null,null,null,3.7211,1.56,null,null
MyCole Pruitt,TE,MIN,TE,MIN,null,2.4128,null,null,null,60,null,null,0.1221,null,null,null,2.4568,1.5,null,null
Nick Boyle,TE,BAL,TE,BAL,null,0,null,null,null,109,null,null,0,null,null,null,0,0,null,null
Nick OLeary,TE,BUF,TE,BUF,null,0.4186,null,null,null,92,null,null,0.0086,null,null,null,0.6288,0.03,null,null
Darren Waller,WR,BAL,WR,BAL,null,0,null,null,null,192,null,null,0,null,null,null,0,0,null,null
DeVante Parker,WR,MIA,WR,MIA,null,8.829,null,null,null,56,null,null,0.0916,null,null,null,8.6255,8.21,3.3885,null
Dezmin Lewis,WR,FA,WR,FA,null,0,null,null,null,192,null,null,0,null,null,null,0,0,2.9504,null
Dres Anderson,WR,SF,WR,SF,null,0,null,null,null,192,null,null,0,null,null,null,0,0,null,null
Jamison Crowder,WR,WAS,WR,WAS,null,6.8936,null,null,null,72,null,null,0.1847,null,null,null,9.6256,2.4777,6.8594,null
Justin Hardy,WR,ATL,WR,ATL,null,6.1048,null,null,null,81,null,null,0.2004,null,null,null,8.6381,3,7.0452,null
Keith Mumphery,WR,HOU,WR,HOU,null,0.9781,null,null,null,151,null,null,0.1046,null,null,null,1.348,0.46,3.3154,null
Kenny Bell,WR,FA,WR,FA,null,0,null,null,null,192,null,null,0,null,null,null,0,0,2.9504,null
Phillip Dorsett,WR,IND,WR,IND,null,9.5149,null,null,null,51,null,null,0.153,null,null,null,11.0743,7.6156,5.5477,null
Rashad Greene,WR,JAC,WR,JAC,null,4.6822,null,null,null,96,null,null,0.1096,null,null,null,6.8777,2.34,5.9781,null
Tre McBride,WR,FA,WR,FA,null,0,null,null,null,192,null,null,0,null,null,null,0,0,null,null
Ty Montgomery,WR,GB,WR,GB,null,3.5141,null,null,null,113,null,null,0.152,null,null,null,5.7008,1.849,5.7217,null
Tyler Lockett,WR,SEA,WR,SEA,null,12.6172,null,null,null,33,null,null,0.1764,null,null,null,14.4703,7.9575,6.2108,null
Vince Mayle,WR,FA,WR,FA,null,0,null,null,null,192,null,null,0,null,null,null,0,0,2.9504,null
Tevin Coleman,RB,ATL,RB,ATL,null,6.286,null,null,null,52,null,null,0.0341,null,null,null,7.4019,3.9606,4.5338,null
Devin Funchess,WR,CAR,WR,CAR,null,8.7171,null,null,null,58,null,null,0.2214,null,null,null,11.3121,6.34,6.4084,null
Duke Johnson,RB,CLE,RB,CLE,null,12.5106,null,null,null,18,null,null,0.3304,null,null,null,15.9194,7.7119,3.832,null
Gerald Christian,TE,FA,TE,FA,null,0,null,null,null,109,null,null,0,null,null,null,0,0,null,null
Jaelen Strong,WR,HOU,WR,HOU,null,5.2147,null,null,null,92,null,null,0.2103,null,null,null,6.2086,2.81,6.2085,null
Jalston Fowler,RB,TEN,RB,TEN,null,1.2428,null,null,null,105,null,null,0.0766,null,null,null,1.5859,0.3462,null,null
Marcus Mariota,QB,TEN,QB,TEN,null,15.9782,null,null,null,22,null,null,0.4532,null,null,null,16.8483,13.24,6.2136,null
Maxx Williams,TE,BAL,TE,BAL,null,3.9356,null,null,null,44,null,null,0.2178,null,null,null,5.0041,2.8,null,null
Melvin Gordon,RB,SD,RB,SD,null,10.2682,null,null,null,29,null,null,0.0883,null,null,null,11.1422,8.5155,4.0872,null
Sammie Coates,WR,PIT,WR,PIT,null,6.2146,null,null,null,79,null,null,0.1067,null,null,null,8.9302,1.61,7.302,null
T.J. Yeldon,RB,JAC,RB,JAC,null,8.1517,null,null,null,44,null,null,0.1703,null,null,null,10.4749,4.0738,4.4062,null
Todd Gurley,RB,LA,RB,LA,null,18.6365,null,null,null,1,null,null,0.1943,null,null,null,19.7625,17.15,3.832,null
Kenny Hilliard,RB,FA,RB,FA,null,0,null,null,null,142,null,null,0,null,null,null,0,0,null,null
Aaron Ripkowski,RB,GB,RB,GB,null,0.8337,null,null,null,115,null,null,0.0238,null,null,null,1.3639,0.02,4.0872,null
Blake Bell,TE,SF,TE,SF,null,3.849,null,null,null,45,null,null,0.3621,null,null,null,5.9791,2.03,4.7133,null
DaRon Brown,WR,KC,WR,KC,null,0,null,null,null,192,null,null,0,null,null,null,0,0,2.9504,null
Amari Cooper,WR,OAK,WR,OAK,null,18.5574,null,null,null,5,null,null,0.793,null,null,null,21.2398,15.73,5.401,null
Dorial Green-Beckham,WR,PHI,WR,PHI,null,6.5769,null,null,null,74,null,null,0.0486,null,null,null,8.6785,4.5,6.6062,null
C.J. Uzomah,TE,CIN,TE,CIN,null,2.3433,null,null,null,61,null,null,0.148,null,null,null,3.7983,0.22,5.4531,null
Sean Mannion,QB,LA,QB,LA,null,0.2706,null,null,null,55,null,null,0.0101,null,null,null,0.3262,0.156,3.7483,null
Tyler Varga,RB,IND,RB,IND,null,0.85,null,null,null,114,null,null,0.0171,null,null,null,0.85,0.85,null,null
A.J. Derby,TE,NE,TE,NE,null,1.0507,null,null,null,75,null,null,0.0182,null,null,null,1.3643,0.3799,null,null
Jay Ajayi,RB,MIA,RB,MIA,null,4.9697,null,null,null,59,null,null,0.0932,null,null,null,5.3749,4.4,null,null
Tyler Kroft,TE,CIN,TE,CIN,null,6.814,null,null,null,25,null,null,0.2509,null,null,null,7.8692,3.4636,null,null
Brett Hundley,QB,GB,QB,GB,null,0.1127,null,null,null,65,null,null,0.0262,null,null,null,0.2477,0.008,3.8467,null
Breshad Perriman,WR,BAL,WR,BAL,null,3.7849,null,null,null,107,null,null,0.1046,null,null,null,5.445,1.56,6.591,null
Nelson Agholor,WR,PHI,WR,PHI,null,6.3536,null,null,null,77,null,null,0.1152,null,null,null,7.5729,4.24,5.2743,null
Stefon Diggs,WR,MIN,WR,MIN,null,12.1447,null,null,null,38,null,null,0.9311,null,null,null,14.5102,8.4354,5.8993,null
Duron Carter,WR,FA,WR,FA,null,0,null,null,null,192,null,null,0,null,null,null,0,0,null,null
DeAndre Smelter,WR,FA,WR,FA,null,0,null,null,null,192,null,null,0,null,null,null,0,0,null,null
Javorius Allen,RB,BAL,RB,BAL,null,8.9584,null,null,null,40,null,null,0.0746,null,null,null,15.1372,4.99,5.2994,null
Jesse James,TE,PIT,TE,PIT,null,8.3942,null,null,null,17,null,null,0.5063,null,null,null,10.0905,6.5261,4.2695,null
Joey Iosefa,RB,FA,RB,FA,null,0,null,null,null,142,null,null,0,null,null,null,0,0,null,null
Matt Jones,RB,WAS,RB,WAS,null,9.8262,null,null,null,34,null,null,0.3215,null,null,null,11.9367,6.3036,null,null
Michael Burton,RB,DET,RB,DET,null,1.735,null,null,null,95,null,null,0.0908,null,null,null,2.735,0.5238,null,null
Marcus Murphy,RB,NO,RB,NO,null,0.1995,null,null,null,133,null,null,0.0641,null,null,null,0.4184,0,null,null
Mario Alford,WR,FA,WR,FA,null,0,null,null,null,192,null,null,0,null,null,null,0,0,2.9504,null
Kaelin Clay,WR,BAL,WR,BAL,null,0,null,null,null,192,null,null,0,null,null,null,0,0,2.9504,null
Chris Conley,WR,KC,WR,KC,null,6.111,null,null,null,80,null,null,0.0901,null,null,null,7.322,4.6857,5.9138,null
Geremy Davis,WR,FA,WR,FA,null,0,null,null,null,192,null,null,0,null,null,null,0,0,2.9504,null
J.J. Nelson,WR,ARI,WR,ARI,null,4.2662,null,null,null,100,null,null,0.0261,null,null,null,6.268,1.9,5.6808,null
DeAndrew White,WR,FA,WR,FA,null,0,null,null,null,192,null,null,0,null,null,null,0,0,null,null
Randall Telfer,TE,CLE,TE,CLE,null,0.7354,null,null,null,83,null,null,0.032,null,null,null,1.3564,0,null,null
Jarryd Hayne,RB,FA,RB,FA,null,0,null,null,null,142,null,null,0,null,null,null,0,0,null,null
Evan Spencer,WR,TB,WR,TB,null,0,null,null,null,192,null,null,0,null,null,null,0,0,2.9504,null
Kennard Backman,TE,GB,TE,GB,null,0,null,null,null,109,null,null,0,null,null,null,0,0,null,null
James OShaughnessy,TE,KC,TE,KC,null,2.0302,null,null,null,65,null,null,0.0952,null,null,null,3.5629,0.39,3.3817,null
Kevin White,WR,CHI,WR,CHI,null,8.7578,null,null,null,57,null,null,0.1404,null,null,null,11.5976,4.05,8.3982,null
Devin Smith,WR,NYJ,WR,NYJ,null,0,null,null,null,192,null,null,0,null,null,null,0,0,null,null
David Johnson,RB,ARI,RB,ARI,null,18.329,null,null,null,3,null,null,1.2878,null,null,null,19.7353,15.84,2.3646,null
Mike Davis,RB,SF,RB,SF,null,3.4814,null,null,null,71,null,null,0.0569,null,null,null,5.9816,1.04,8.8722,null
Malcolm Johnson,RB,CLE,RB,CLE,null,0.2,null,null,null,132,null,null,0.01,null,null,null,0.2,0.2,null,null
Neal Sterling,WR,JAC,WR,JAC,null,0.0993,null,null,null,189,null,null,0.0398,null,null,null,0.1713,0,3.2132,null
Andre Debose,WR,FA,WR,FA,null,0,null,null,null,192,null,null,0,null,null,null,0,0,2.9504,null
Geoff Swaim,TE,DAL,TE,DAL,null,0.184,null,null,null,105,null,null,0.0261,null,null,null,0.4043,0,null,null
Trevor Siemian,QB,DEN,QB,DEN,null,10.7802,null,null,null,32,null,null,6.1812,null,null,null,12.7075,6.118,6.7581,null
Josh Robinson,RB,FA,RB,FA,null,0,null,null,null,142,null,null,0,null,null,null,0,0,null,null
Rory Anderson,TE,SF,TE,SF,null,0,null,null,null,109,null,null,0,null,null,null,0,0,null,null
Quan Bray,WR,IND,WR,IND,null,2.2382,null,null,null,128,null,null,0.1044,null,null,null,2.9276,1.2827,7.7237,null
Trey Williams,RB,FA,RB,FA,null,0,null,null,null,142,null,null,0,null,null,null,0,0,null,null
DeAndre Carter,WR,FA,WR,FA,null,0,null,null,null,192,null,null,0,null,null,null,0,0,2.9504,null
John Crockett,RB,GB,RB,GB,null,0.08,null,null,null,137,null,null,0.0181,null,null,null,0.0654,0,null,null
Beau Gardner,TE,ATL,TE,ATL,null,0,null,null,null,109,null,null,0,null,null,null,0,0,null,null
Antwan Goodley,WR,DAL,WR,DAL,null,0,null,null,null,192,null,null,0,null,null,null,0,0,null,null
Alonzo Harris,RB,FA,RB,FA,null,0,null,null,null,142,null,null,0,null,null,null,0,0,null,null
Jake Kumerow,WR,FA,WR,FA,null,0,null,null,null,192,null,null,0,null,null,null,0,0,2.9504,null
Khari Lee,TE,CHI,TE,CHI,null,2.15,null,null,null,64,null,null,0.1449,null,null,null,2.15,2.15,null,null
Cameron Meredith,WR,CHI,WR,CHI,null,0.521,null,null,null,172,null,null,0.0863,null,null,null,0.9852,0,4.028,null
Levi Norwood,WR,CHI,WR,CHI,null,0,null,null,null,192,null,null,0,null,null,null,0,0,null,null
Jaxon Shipley,WR,FA,WR,FA,null,0,null,null,null,192,null,null,0,null,null,null,0,0,null,null
Jameill Showers,QB,DAL,QB,DAL,null,0,null,null,null,76,null,null,0,null,null,null,0,0,null,null
Jordan Taylor,WR,DEN,WR,DEN,null,0.6932,null,null,null,160,null,null,0.0239,null,null,null,1.3024,-0.02,4.4227,null
Brandon Wegher,RB,FA,RB,FA,null,0,null,null,null,142,null,null,0,null,null,null,0,0,null,null
Lucky Whitehead,WR,DAL,WR,DAL,null,1.6294,null,null,null,138,null,null,0.1267,null,null,null,1.8674,1.24,2.8315,null
Zach Zenner,RB,DET,RB,DET,null,3.2042,null,null,null,75,null,null,0.0882,null,null,null,5.0742,0.9305,5.108,null
Corey Grant,RB,JAC,RB,JAC,null,0.2998,null,null,null,128,null,null,0.0091,null,null,null,0.6397,0.0273,null,null
Chris Harper,WR,FA,WR,FA,null,0,null,null,null,192,null,null,0,null,null,null,0,0,2.9504,null
Chris Harper,WR,FA,WR,FA,null,0,null,null,null,192,null,null,0,null,null,null,0,0,2.9504,null
Josh Harper,WR,OAK,WR,OAK,null,0,null,null,null,192,null,null,0,null,null,null,0,0,null,null
Gabe Holmes,TE,OAK,TE,OAK,null,0,null,null,null,109,null,null,0,null,null,null,0,0,null,null
Akeem Hunt,RB,FA,RB,FA,null,0,null,null,null,142,null,null,0,null,null,null,0,0,null,null
Gus Johnson,RB,FA,RB,FA,null,0,null,null,null,142,null,null,0,null,null,null,0,0,null,null
Matt LaCosse,TE,NYG,TE,NYG,null,0,null,null,null,109,null,null,0,null,null,null,0,0,null,null
Jordan Leslie,WR,MIN,WR,MIN,null,0,null,null,null,192,null,null,0,null,null,null,0,0,null,null
Wes Saxton,TE,FA,TE,FA,null,0.8,null,null,null,79,null,null,0.0143,null,null,null,0.8,0.8,null,null
Rasheed Bailey,WR,SD,WR,SD,null,0,null,null,null,192,null,null,0,null,null,null,0,0,null,null
Devante Davis,WR,FA,WR,FA,null,0,null,null,null,192,null,null,0,null,null,null,0,0,null,null
Rannell Hall,WR,CLE,WR,CLE,null,0,null,null,null,192,null,null,0,null,null,null,0,0,null,null
Bradley Marquez,WR,LA,WR,LA,null,2.2962,null,null,null,127,null,null,0.0973,null,null,null,3.8134,0.89,5.2862,null
Raheem Mostert,RB,FA,RB,FA,null,0.1805,null,null,null,134,null,null,0.0903,null,null,null,0.3114,0,null,null
Tyler Murphy,WR,MIA,WR,MIA,null,0,null,null,null,192,null,null,0,null,null,null,0,0,null,null
Thomas Rawls,RB,SEA,RB,SEA,null,6.991,null,null,null,48,null,null,0.1901,null,null,null,9.3359,3.9373,null,null
Eli Rogers,WR,PIT,WR,PIT,null,9.56,null,null,null,50,null,null,0.1142,null,null,null,12.9055,4.9393,8.4042,null
Rod Smith,RB,DAL,RB,DAL,null,0.0903,null,null,null,135,null,null,0.011,null,null,null,0.1557,0,null,null
Terron Ward,RB,ATL,RB,ATL,null,1.0531,null,null,null,109,null,null,0.0447,null,null,null,1.2902,0.7,null,null
Mitchell Henry,TE,FA,TE,FA,null,0,null,null,null,109,null,null,0,null,null,null,0,0,null,null
Chandler Worthy,WR,FA,WR,FA,null,0,null,null,null,192,null,null,0,null,null,null,0,0,null,null
E.J. Bibbs,TE,FA,TE,FA,null,0,null,null,null,109,null,null,0,null,null,null,0,0,null,null
Michael Dyer,RB,FA,RB,FA,null,0,null,null,null,142,null,null,0,null,null,null,0,0,null,null
R.J. Harris,WR,NO,WR,NO,null,0,null,null,null,192,null,null,0,null,null,null,0,0,null,null
Deon Long,WR,TEN,WR,TEN,null,0,null,null,null,192,null,null,0,null,null,null,0,0,null,null
Andrew Turzilli,WR,FA,WR,FA,null,0,null,null,null,192,null,null,0,null,null,null,0,0,null,null
Will Tye,TE,NYG,TE,NYG,null,6.928,null,null,null,24,null,null,0.2277,null,null,null,8.8394,4.9,4.5654,null
Brian Parker,TE,FA,TE,FA,null,0,null,null,null,109,null,null,0,null,null,null,0,0,null,null
Dreamius Smith,RB,SD,RB,SD,null,0,null,null,null,142,null,null,0,null,null,null,0,0,null,null
Austin Willis,WR,FA,WR,FA,null,0,null,null,null,192,null,null,0,null,null,null,0,0,null,null
Mack Brown,RB,FA,RB,FA,null,0,null,null,null,142,null,null,0,null,null,null,0,0,null,null
Titus Davis,WR,NYJ,WR,NYJ,null,0,null,null,null,192,null,null,0,null,null,null,0,0,null,null
Donteea Dye,WR,TB,WR,TB,null,0.5982,null,null,null,166,null,null,0.0174,null,null,null,0.9876,0,4.1319,null
Jahwan Edwards,RB,SD,RB,SD,null,0,null,null,null,142,null,null,0,null,null,null,0,0,null,null
Austin Hill,WR,FA,WR,FA,null,0,null,null,null,192,null,null,0,null,null,null,0,0,null,null
Adam Humphries,WR,TB,WR,TB,null,4.9701,null,null,null,94,null,null,0.1468,null,null,null,7.42,0.94,6.9728,null
Darius Jennings,WR,FA,WR,FA,null,0,null,null,null,192,null,null,0,null,null,null,0,0,2.9504,null
Daniel Brown,WR,FA,WR,FA,null,0,null,null,null,192,null,null,0,null,null,null,0,0,2.9504,null
Shakim Phillips,WR,PIT,WR,PIT,null,0,null,null,null,192,null,null,0,null,null,null,0,0,null,null
Tyrell Williams,WR,SD,WR,SD,null,5.0387,null,null,null,93,null,null,0.0715,null,null,null,7.0582,0.7261,5.7063,null
Kasen Williams,WR,FA,WR,FA,null,0,null,null,null,192,null,null,0,null,null,null,0,0,null,null
Kasen Williams,WR,FA,WR,FA,null,0,null,null,null,192,null,null,0,null,null,null,0,0,null,null
Chris Moore,WR,BAL,WR,BAL,null,1.3977,null,null,null,141,null,null,0.1271,null,null,null,2.2134,0.17,4.4774,null
Laquon Treadwell,WR,MIN,WR,MIN,null,5.7988,null,null,null,85,null,null,0.1492,null,null,null,8.3583,2.019,6.961,null
Leonte Carroo,WR,MIA,WR,MIA,null,3.6402,null,null,null,110,null,null,0.0619,null,null,null,5.6409,1.16,7.5607,null
Malcolm Mitchell,WR,NE,WR,NE,null,3.0052,null,null,null,119,null,null,0.0392,null,null,null,4.0768,2.0093,4.4419,null
Daniel Lasco,RB,NO,RB,NO,null,0.7875,null,null,null,117,null,null,0.0986,null,null,null,0.8264,0.2538,null,null
Devontae Booker,RB,DEN,RB,DEN,null,6.0711,null,null,null,55,null,null,0.4974,null,null,null,7.0978,1.1158,4.0234,null
Ezekiel Elliott,RB,DAL,RB,DAL,null,16.7118,null,null,null,6,null,null,0.7917,null,null,null,19.8851,10.2229,2.6836,null
Jonathan Williams,RB,BUF,RB,BUF,null,0.5708,null,null,null,122,null,null,0.0771,null,null,null,0.8225,0.06,null,null
Kenneth Dixon,RB,BAL,RB,BAL,null,0,null,null,null,142,null,null,0,null,null,null,0,0,null,null
Kenyan Drake,RB,MIA,RB,MIA,null,1.5687,null,null,null,98,null,null,0.0807,null,null,null,2.4122,0.02,null,null
Tyler Ervin,RB,HOU,RB,HOU,null,3.358,null,null,null,74,null,null,0.1706,null,null,null,4.1353,1.52,5.0442,null
Carson Wentz,QB,PHI,QB,PHI,null,15.4566,null,null,null,24,null,null,0.3774,null,null,null,18.0389,11.24,8.3313,null
Dak Prescott,QB,DAL,QB,DAL,null,17.5945,null,null,null,17,null,null,0.3455,null,null,null,18.9748,13.682,8.2329,null
Jacoby Brissett,QB,NE,QB,NE,null,0.1255,null,null,null,64,null,null,0.0193,null,null,null,0.2826,0,3.8646,null
Jeff Driskel,QB,CIN,QB,CIN,null,0,null,null,null,76,null,null,0,null,null,null,0,0,3.5387,null
Kevin Hogan,QB,FA,QB,FA,null,0,null,null,null,76,null,null,0,null,null,null,0,0,3.5387,null
Nick Vannett,TE,SEA,TE,SEA,null,0,null,null,null,109,null,null,0,null,null,null,0,0,null,null
Sterling Shepard,WR,NYG,WR,NYG,null,12.3949,null,null,null,36,null,null,0.1499,null,null,null,14.87,8.8467,6.6016,null
David Morgan,TE,MIN,TE,MIN,null,0.1803,null,null,null,106,null,null,0.0513,null,null,null,0.2972,0,null,null
Jerell Adams,TE,NYG,TE,NYG,null,0.5035,null,null,null,89,null,null,0.0627,null,null,null,0.8304,0,null,null
Paxton Lynch,QB,DEN,QB,DEN,null,3.4507,null,null,null,34,null,null,0.7803,null,null,null,6.1438,0.6,10.8529,null
Tajae Sharpe,WR,TEN,WR,TEN,null,10.5556,null,null,null,45,null,null,0.4163,null,null,null,13.4125,7.2751,6.8484,null
Cody Core,WR,CIN,WR,CIN,null,0.4095,null,null,null,174,null,null,0.0457,null,null,null,0.5055,0.1693,3.2549,null
Connor Cook,QB,OAK,QB,OAK,null,0,null,null,null,76,null,null,0,null,null,null,0,0,3.5387,null
Corey Coleman,WR,CLE,WR,CLE,null,12.3453,null,null,null,37,null,null,0.6658,null,null,null,14.4875,10.0958,5.7146,null
Jared Goff,QB,LA,QB,LA,null,0,null,null,null,76,null,null,0.0013,null,null,null,0,0,3.5387,null
Hunter Henry,TE,SD,TE,SD,null,3.2159,null,null,null,50,null,null,0.0925,null,null,null,3.874,2.0261,6.4888,null
Josh Doctson,WR,WAS,WR,WAS,null,2.932,null,null,null,121,null,null,0.2199,null,null,null,5.8772,0,10.0883,null
Will Fuller,WR,HOU,WR,HOU,null,9.9918,null,null,null,47,null,null,0.2944,null,null,null,12.5572,5.102,9.1537,null
Braxton Miller,WR,HOU,WR,HOU,null,5.7094,null,null,null,86,null,null,0.1215,null,null,null,7.972,3.12,6.2776,null
Kolby Listenbee,WR,BUF,WR,BUF,null,0,null,null,null,192,null,null,0,null,null,null,0,0,2.9504,null
Aaron Burbridge,WR,SF,WR,SF,null,3.3681,null,null,null,114,null,null,0.0668,null,null,null,6.8209,0.6632,7.7194,null
Tyler Higbee,TE,LA,TE,LA,null,3.1352,null,null,null,51,null,null,0.1215,null,null,null,4.0028,2,5.897,null
Jordan Payton,WR,CLE,WR,CLE,null,0.6324,null,null,null,163,null,null,0.0198,null,null,null,0.7285,0.45,3.211,null
Cody Kessler,QB,CLE,QB,CLE,null,0.3945,null,null,null,51,null,null,0.0361,null,null,null,0.7389,0,4.7416,null
Trevor Davis,WR,GB,WR,GB,null,1.0798,null,null,null,148,null,null,0.0931,null,null,null,1.5879,0.52,4.1381,null
Austin Hooper,TE,ATL,TE,ATL,null,3.5867,null,null,null,46,null,null,0.2361,null,null,null,4.1158,2.4537,7.6724,null
Christian Hackenberg,QB,NYJ,QB,NYJ,null,0.0061,null,null,null,71,null,null,0.0017,null,null,null,0.0114,0,3.5573,null
C.J. Prosise,RB,SEA,RB,SEA,null,4.6398,null,null,null,63,null,null,0.2015,null,null,null,6.1489,1.39,5.1718,null
Jordan Howard,RB,CHI,RB,CHI,null,3.1706,null,null,null,76,null,null,0.1394,null,null,null,4.382,0.3649,4.8528,null
Pharoh Cooper,WR,LA,WR,LA,null,0.677,null,null,null,161,null,null,0.0299,null,null,null,1.1676,0,4.7424,null
Cardale Jones,QB,BUF,QB,BUF,null,0,null,null,null,76,null,null,0.0027,null,null,null,0,0,3.5387,null
Alex Collins,RB,SEA,RB,SEA,null,0.9042,null,null,null,112,null,null,0.0484,null,null,null,1.6674,0.15,5.1718,null
Andy Janovich,RB,DEN,RB,DEN,null,0.2284,null,null,null,131,null,null,0.0286,null,null,null,0.4301,0,null,null
Keith Marshall,RB,WAS,RB,WAS,null,0,null,null,null,142,null,null,0,null,null,null,0,0,null,null
Paul Perkins,RB,NYG,RB,NYG,null,3.3769,null,null,null,73,null,null,0.0958,null,null,null,4.8626,0.607,6.7668,null
Wendell Smallwood,RB,PHI,RB,PHI,null,2.9706,null,null,null,79,null,null,0.3873,null,null,null,4.7323,0.5779,null,null
Kelvin Taylor,RB,FA,RB,FA,null,0,null,null,null,142,null,null,0,null,null,null,0,0,null,null
DeAndre Washington,RB,OAK,RB,OAK,null,6.358,null,null,null,51,null,null,0.0824,null,null,null,8.2317,3.8619,4.4062,null
Tyler Boyd,WR,CIN,WR,CIN,null,7.9582,null,null,null,65,null,null,0.1302,null,null,null,9.8167,4.9876,5.7027,null
Rashard Higgins,WR,CLE,WR,CLE,null,3.0961,null,null,null,118,null,null,0.0935,null,null,null,3.4627,1.1571,5.1046,null
Kenny Lawler,WR,FA,WR,FA,null,0,null,null,null,192,null,null,0,null,null,null,0,0,2.9504,null
Ricardo Louis,WR,CLE,WR,CLE,null,0.8442,null,null,null,154,null,null,0.0466,null,null,null,1.3209,0.43,3.9933,null
Charone Peake,WR,NYJ,WR,NYJ,null,1.4355,null,null,null,140,null,null,0.099,null,null,null,1.8895,0.6551,4.1089,null
Demarcus Robinson,WR,KC,WR,KC,null,0.7084,null,null,null,159,null,null,0.0233,null,null,null,0.8446,0.5,3.2804,null
Thomas Duarte,TE,FA,TE,FA,null,0,null,null,null,109,null,null,0,null,null,null,0,0,null,null
Temarrick Hemingway,TE,LA,TE,LA,null,0.3485,null,null,null,97,null,null,0.0434,null,null,null,0.6927,0,null,null
Beau Sandland,TE,FA,TE,FA,null,0,null,null,null,109,null,null,0,null,null,null,0,0,null,null
Anthony Dable,WR,FA,WR,FA,null,0,null,null,null,192,null,null,0,null,null,null,0,0,2.9504,null
Derrick Henry,RB,TEN,RB,TEN,null,8.5035,null,null,null,43,null,null,0.4294,null,null,null,10.7274,3.3587,3.7044,null
Dwayne Washington,RB,DET,RB,DET,null,0.6889,null,null,null,119,null,null,0.0462,null,null,null,0.8285,0.46,null,null
Daniel Braverman,WR,FA,WR,FA,null,0,null,null,null,192,null,null,0,null,null,null,0,0,2.9504,null
Jakeem Grant,WR,MIA,WR,MIA,null,1.266,null,null,null,143,null,null,0.014,null,null,null,2.389,0,5.144,null
Tyreek Hill,WR,KC,WR,KC,null,1.2403,null,null,null,145,null,null,0.076,null,null,null,2.4376,0.02,4.9851,null
Moritz Boehringer,WR,FA,WR,FA,null,0,null,null,null,192,null,null,0,null,null,null,0,0,2.9504,null
Darius Jackson,RB,DAL,RB,DAL,null,1.1161,null,null,null,107,null,null,0.0499,null,null,null,1.9098,0.12,5.108,null
Michael Thomas,WR,NO,WR,NO,null,8.347,null,null,null,61,null,null,0.0943,null,null,null,10.7021,3.11,8.3818,null
Rico Gathers,TE,FA,TE,FA,null,0,null,null,null,109,null,null,null,null,null,null,0,0,null,null
Zac Brooks,RB,FA,RB,FA,null,0,null,null,null,142,null,null,0,null,null,null,0,0,null,null
Mike Thomas,WR,LA,WR,LA,null,2.07,null,null,null,131,null,null,0.173,null,null,null,2.07,2.07,11.3435,null
Josh Ferguson,RB,IND,RB,IND,null,2.0574,null,null,null,89,null,null,0.0645,null,null,null,3.1243,0.25,7.7238,null
Rob Kelley,RB,WAS,RB,WAS,null,4.9059,null,null,null,60,null,null,0.0939,null,null,null,5.9662,3.1261,null,null
Brandon Wilds,RB,FA,RB,FA,null,0,null,null,null,142,null,null,0,null,null,null,0,0,null,null
Geronimo Allison,WR,FA,WR,FA,null,0,null,null,null,192,null,null,0,null,null,null,0,0,2.9504,null
Robby Anderson,WR,NYJ,WR,NYJ,null,2.3299,null,null,null,126,null,null,0.0627,null,null,null,3.4292,0.0238,10.6176,null
Stephen Anderson,TE,HOU,TE,HOU,null,0.276,null,null,null,100,null,null,0.0294,null,null,null,0.6065,0,null,null
Peyton Barber,RB,FA,RB,FA,null,0.6439,null,null,null,120,null,null,0.0378,null,null,null,1.4151,0,null,null
Jace Billingsley,WR,FA,WR,FA,null,0,null,null,null,192,null,null,0,null,null,null,0,0,2.9504,null
Trevone Boykin,QB,SEA,QB,SEA,null,0.5986,null,null,null,45,null,null,0.0019,null,null,null,1.1335,-0.024,4.86,null
Ben Braunecker,TE,FA,TE,FA,null,0.2312,null,null,null,104,null,null,0.049,null,null,null,0.3435,0,null,null
Devon Cajuste,WR,FA,WR,FA,null,0,null,null,null,192,null,null,0,null,null,null,0,0,2.9504,null
Marshaun Coprich,RB,FA,RB,FA,null,0,null,null,null,142,null,null,0,null,null,null,0,0,null,null
Alex Erickson,WR,CIN,WR,CIN,null,0.3584,null,null,null,176,null,null,0.0152,null,null,null,0.8332,0,4.0314,null
D.J. Foster,RB,NE,RB,NE,null,2.2,null,null,null,86,null,null,0.1128,null,null,null,2.2,2.2,null,null
D.J. Foster,WR,NE,WR,NE,null,0.3311,null,null,null,178,null,null,0.0237,null,null,null,0.4791,0.1778,3.3126,null
Aaron Green,RB,FA,RB,FA,null,0,null,null,null,142,null,null,0,null,null,null,0,0,null,null
Andy Jones,WR,FA,WR,FA,null,0,null,null,null,192,null,null,0,null,null,null,0,0,2.9504,null
Roger Lewis,WR,NYG,WR,NYG,null,0.578,null,null,null,169,null,null,0.0423,null,null,null,1.1342,0,4.1167,null
Tre Madden,RB,SEA,RB,SEA,null,0,null,null,null,142,null,null,0.2257,null,null,null,0,0,null,null
Jalin Marshall,WR,NYJ,WR,NYJ,null,0.7548,null,null,null,157,null,null,0.0347,null,null,null,1.6351,0,4.5372,null
Marquez North,WR,LA,WR,LA,null,0,null,null,null,192,null,null,0,null,null,null,0,0,null,null
Nelson Spruce,WR,LA,WR,LA,null,0.9905,null,null,null,149,null,null,0.01,null,null,null,1.9548,0,5.731,null
Cole Wick,TE,DET,TE,DET,null,1.431,null,null,null,70,null,null,0.206,null,null,null,3.2107,0,7.3765,null
Paul Turner,WR,PHI,WR,PHI,null,0,null,null,null,192,null,null,0,null,null,null,0,0,2.9504,null
Duke Williams,WR,FA,WR,FA,null,0,null,null,null,192,null,null,0,null,null,null,0,0,null,null
Keyarris Garrett,WR,FA,WR,FA,null,0,null,null,null,192,null,null,null,null,null,null,0,0,2.9504,null
Devon Johnson,RB,CAR,RB,CAR,null,0,null,null,null,142,null,null,0.4513,null,null,null,0,0,null,null
Jalen Richard,RB,OAK,RB,OAK,null,0.6415,null,null,null,121,null,null,0.0825,null,null,null,1.351,0,5.6184,null
