"","PLAYER","OWNER","POS.x","DFA","YRS","ACQ","KEEP","TEAM","FPTS","POS.y"
"1","A.J. GREEN","KT","WR","D",2,146,169,"CIN",176,"WR"
"2","AARON DOBSON",NA,NA,NA,NA,NA,NA,"NE",6.2,"WR"
"3","AARON RIPKOWSKI",NA,NA,NA,NA,NA,NA,"GB",0.6,"RB"
"4","AARON RODGERS","EVAN","QB","D ",1,140,147,"GB",321.3,"QB"
"5","ADAM THIELEN",NA,NA,NA,NA,NA,NA,"MIN",6,"WR"
"6","ADRIAN PETERSON","NICK","RB","D",2,173,200,"MIN",226.4,"RB"
"7","ADRIEN ROBINSON",NA,NA,NA,NA,NA,NA,"NYG",5.1,"TE"
"8","AHMAD BRADSHAW","PHILLY","RB","F",0,1,1,"",0,"RB"
"9","AJ MCCARRON",NA,NA,NA,NA,NA,NA,"CIN",0.6,"QB"
"10","ALAN BONNER",NA,NA,NA,NA,NA,NA,"HOU",4,"WR"
"11","ALBERT WILSON",NA,NA,NA,NA,NA,NA,"KC",44.4,"WR"
"12","ALEX SMITH","WILL","QB","F",1,1,4,"KC",230,"QB"
"13","ALEX SMITH","WILL","QB","F",1,1,4,"NO",3.5,"TE"
"14","ALFONSO SMITH",NA,NA,NA,NA,NA,NA,"",2.8,"RB"
"15","ALFRED BLUE","PHILLY","RB","F",1,0,4,"HOU",97.8,"RB"
"16","ALFRED MORRIS","PHILLY","RB","D",1,59,62,"WAS",166.1,"RB"
"17","ALLEN HURNS","EVAN","WR","F",1,0,4,"JAC",81.8,"WR"
"18","ALLEN ROBINSON","MAKI","WR","F",0,0,1,"JAC",117.5,"WR"
"19","ALSHON JEFFERY","FRED","WR","D",2,4,6,"CHI",170.6,"WR"
"20","AMARI COOPER",NA,NA,NA,NA,NA,NA,"OAK",121.6,"WR"
"21","AMEER ABDULLAH",NA,NA,NA,NA,NA,NA,"DET",122.6,"RB"
"22","ANDRE CALDWELL",NA,NA,NA,NA,NA,NA,"DEN",12.3,"WR"
"23","ANDRE ELLINGTON","BRUCE","RB","F",2,4,8,"ARI",149.7,"RB"
"24","ANDRE HOLMES",NA,NA,NA,NA,NA,NA,"OAK",47.7,"WR"
"25","ANDRE JOHNSON","NICK","WR","D",1,44,46,"IND",136.4,"WR"
"26","ANDRE ROBERTS",NA,NA,NA,NA,NA,NA,"WAS",50.7,"WR"
"27","ANDRE WILLIAMS","ERIC","RB","F",1,0,4,"NYG",70.3,"RB"
"28","ANDREW HAWKINS","KT","WR","F",1,0,4,"CLE",73.7,"WR"
"29","ANDREW LUCK","HANS","QB","D",2,50,58,"IND",326.7,"QB"
"30","ANDREW QUARLESS",NA,NA,NA,NA,NA,NA,"GB",43.1,"TE"
"31","ANDY DALTON",NA,NA,NA,NA,NA,NA,"CIN",221.4,"QB"
"32","ANQUAN BOLDIN","WILL","WR","D",2,5,6,"SF",117.6,"WR"
"33","ANTHONY DENHAM",NA,NA,NA,NA,NA,NA,"HOU",1.4,"TE"
"34","ANTHONY DIXON",NA,NA,NA,NA,NA,NA,"BUF",12.5,"RB"
"35","ANTHONY FASANO",NA,NA,NA,NA,NA,NA,"TEN",23.5,"TE"
"36","ANTHONY MCCOY",NA,NA,NA,NA,NA,NA,"SEA",4,"TE"
"37","ANTHONY SHERMAN",NA,NA,NA,NA,NA,NA,"KC",16.3,"RB"
"38","ANTONE SMITH","EVAN","RB","F",1,0,4,"ATL",25.6,"RB"
"39","ANTONIO ANDREWS",NA,NA,NA,NA,NA,NA,"TEN",4.7,"RB"
"40","ANTONIO BROWN","ERIC","WR","D",2,17,20,"PIT",212.2,"WR"
"41","ANTONIO GATES","WILL","TE","D",2,4,5,"SD",83.3,"TE"
"42","ARIAN FOSTER","EVAN","RB","D",1,86,90,"HOU",132.8,"RB"
"43","ARRELIOUS BENN",NA,NA,NA,NA,NA,NA,"JAC",2.4,"WR"
"44","ASANTE CLEVELAND",NA,NA,NA,NA,NA,NA,"NE",0.4,"TE"
"45","AUSTIN DAVIS",NA,NA,NA,NA,NA,NA,"STL",8.1,"QB"
"46","AUSTIN JOHNSON",NA,NA,NA,NA,NA,NA,"NO",24,"RB"
"47","AUSTIN PETTIS",NA,NA,NA,NA,NA,NA,"SD",9,"WR"
"48","AUSTIN SEFERIAN-JENKINS",NA,NA,NA,NA,NA,NA,"TB",75.8,"TE"
"49","B.J. DANIELS",NA,NA,NA,NA,NA,NA,"SEA",12.1,"QB"
"50","BEAR PASCOE",NA,NA,NA,NA,NA,NA,"CHI",3.2,"TE"
"51","BEN ROETHLISBERGER","FRED","QB","F",1,0,4,"PIT",268.2,"QB"
"52","BEN TATE","DEREK","RB","F",1,16,20,NA,NA,NA
"53","BENJAMIN WATSON",NA,NA,NA,NA,NA,NA,"NO",59.7,"TE"
"54","BENNY CUNNINGHAM","KT","RB","F",1,0,4,"STL",51,"RB"
"55","BERNARD PIERCE",NA,NA,NA,NA,NA,NA,"JAC",2.6,"RB"
"56","BILAL POWELL",NA,NA,NA,NA,NA,NA,"NYJ",54,"RB"
"57","BISHOP SANKEY","MAKI","RB","F",1,5,6,"TEN",100,"RB"
"58","BLAINE GABBERT",NA,NA,NA,NA,NA,NA,"SF",7.5,"QB"
"59","BLAKE BELL",NA,NA,NA,NA,NA,NA,"SF",9.6,"TE"
"60","BLAKE BORTLES",NA,NA,NA,NA,NA,NA,"JAC",207.5,"QB"
"61","BOBBY RAINEY",NA,NA,NA,NA,NA,NA,"TB",32.3,"RB"
"62","BRANDEN OLIVER",NA,NA,NA,NA,NA,NA,"SD",48.6,"RB"
"63","BRANDIN COOKS","JUSTIN","WR","D",1,41,43,"NO",148.9,"WR"
"64","BRANDON BOLDEN",NA,NA,NA,NA,NA,NA,"NE",32.2,"RB"
"65","BRANDON BOSTICK",NA,NA,NA,NA,NA,NA,"MIN",7.7,"TE"
"66","BRANDON COLEMAN",NA,NA,NA,NA,NA,NA,"NO",73.5,"WR"
"67","BRANDON LAFELL",NA,NA,NA,NA,NA,NA,"NE",114.4,"WR"
"68","BRANDON MARSHALL","KT","WR","D",2,151,174,"NYJ",129.2,"WR"
"69","BRANDON MYERS",NA,NA,NA,NA,NA,NA,"TB",21.3,"TE"
"70","BRANDON PETTIGREW",NA,NA,NA,NA,NA,NA,"DET",18.1,"TE"
"71","BRANDON TATE",NA,NA,NA,NA,NA,NA,"CIN",19.2,"WR"
"72","BRANDON WEEDEN",NA,NA,NA,NA,NA,NA,"DAL",9.6,"QB"
"73","BRANDON WILLIAMS",NA,NA,NA,NA,NA,NA,"ARI",4.1,"TE"
"74","BRAYLON HEARD",NA,NA,NA,NA,NA,NA,"PIT",0.3,"RB"
"75","BRENT CELEK",NA,NA,NA,NA,NA,NA,"PHI",49.9,"TE"
"76","BRENTON BERSIN",NA,NA,NA,NA,NA,NA,"CAR",5.4,"WR"
"77","BRESHAD PERRIMAN",NA,NA,NA,NA,NA,NA,"BAL",102.1,"WR"
"78","BRETT HUNDLEY",NA,NA,NA,NA,NA,NA,"GB",0,"QB"
"79","BRIAN HARTLINE",NA,NA,NA,NA,NA,NA,"CLE",69.3,"WR"
"80","BRIAN HOYER",NA,NA,NA,NA,NA,NA,"HOU",140.8,"QB"
"81","BRIAN LEONHARDT",NA,NA,NA,NA,NA,NA,"OAK",5.6,"TE"
"82","BRIAN QUICK",NA,NA,NA,NA,NA,NA,"STL",93.9,"WR"
"83","BRICE BUTLER",NA,NA,NA,NA,NA,NA,"OAK",6.6,"WR"
"84","BROCK OSWEILER",NA,NA,NA,NA,NA,NA,"DEN",2.6,"QB"
"85","BRUCE ELLINGTON",NA,NA,NA,NA,NA,NA,"SF",23.1,"WR"
"86","BRUCE GRADKOWSKI",NA,NA,NA,NA,NA,NA,"PIT",7,"QB"
"87","BRUCE MILLER",NA,NA,NA,NA,NA,NA,"SF",24.9,"RB"
"88","BRYCE BROWN",NA,NA,NA,NA,NA,NA,"BUF",4.6,"RB"
"89","BRYCE PETTY",NA,NA,NA,NA,NA,NA,"NYJ",0.2,"QB"
"90","C.J. ANDERSON","FRED","RB","F",1,24,30,"DEN",209.2,"RB"
"91","C.J. FIEDOROWICZ",NA,NA,NA,NA,NA,NA,"HOU",23.5,"TE"
"92","C.J. SPILLER","KT","RB","D",1,71,75,"NO",117.4,"RB"
"93","C.J. UZOMAH",NA,NA,NA,NA,NA,NA,"CIN",2.7,"TE"
"94","CALVIN JOHNSON","DEREK","WR","D",2,130,150,"DET",190.5,"WR"
"95","CAM NEWTON","PHILLY","QB","D",1,65,68,"CAR",273.1,"QB"
"96","CAMERON ARTIS-PAYNE",NA,NA,NA,NA,NA,NA,"CAR",38.1,"RB"
"97","CAMERON BRATE",NA,NA,NA,NA,NA,NA,"TB",10.6,"TE"
"98","CARLOS HYDE","FRED","RB","D",1,42,44,"SF",160.9,"RB"
"99","CARSON PALMER",NA,NA,NA,NA,NA,NA,"ARI",232.8,"QB"
"100","CASE KEENUM",NA,NA,NA,NA,NA,NA,"STL",0,"QB"
"101","CECIL SHORTS","EVAN","WR","D",1,6,7,"HOU",61.3,"WR"
"102","CEDRIC PEERMAN",NA,NA,NA,NA,NA,NA,"CIN",3.4,"RB"
"103","CHAD HENNE",NA,NA,NA,NA,NA,NA,"JAC",6.3,"QB"
"104","CHANDLER HARNISH",NA,NA,NA,NA,NA,NA,"ARI",0,"QB"
"105","CHARCANDRICK WEST",NA,NA,NA,NA,NA,NA,"KC",7.9,"RB"
"106","CHARLES CLAY",NA,NA,NA,NA,NA,NA,"BUF",75.6,"TE"
"107","CHARLES JOHNSON","JUSTIN","WR","F",0,4,4,"MIN",115.2,"WR"
"108","CHARLES SIMS","FRED","RB","F",0,1,1,"TB",87.6,"RB"
"109","CHARLIE WHITEHURST",NA,NA,NA,NA,NA,NA,"TEN",0,"QB"
"110","CHASE DANIEL",NA,NA,NA,NA,NA,NA,"KC",7.8,"QB"
"111","CHASE FORD",NA,NA,NA,NA,NA,NA,"MIN",6.4,"TE"
"112","CHASE REYNOLDS",NA,NA,NA,NA,NA,NA,"STL",4,"RB"
"113","CHRIS CONLEY",NA,NA,NA,NA,NA,NA,"KC",46.1,"WR"
"114","CHRIS GIVENS",NA,NA,NA,NA,NA,NA,"STL",7.3,"WR"
"115","CHRIS GRAGG",NA,NA,NA,NA,NA,NA,"BUF",12.6,"TE"
"116","CHRIS HOGAN",NA,NA,NA,NA,NA,NA,"BUF",23.3,"WR"
"117","CHRIS JOHNSON","ERIC","RB","F",0,1,1,"ARI",49.9,"RB"
"118","CHRIS MATTHEWS","KT","WR","F",0,1,1,"SEA",24.5,"WR"
"119","CHRIS OWUSU",NA,NA,NA,NA,NA,NA,"NYJ",6.2,"WR"
"120","CHRIS POLK","WILL","RB","D",0,1,1,"HOU",30.8,"RB"
"121","CHRIS THOMPSON",NA,NA,NA,NA,NA,NA,"WAS",10.7,"RB"
"122","CHRISTIAN PONDER",NA,NA,NA,NA,NA,NA,"OAK",4.3,"QB"
"123","CHRISTINE MICHAEL","MAKI","RB","D",2,4,5,"SEA",18.3,"RB"
"124","CHRISTOPHER IVORY","NICK","RB","F",1,5,6,"NYJ",130.2,"RB"
"125","CHUCK JACOBS",NA,NA,NA,NA,NA,NA,"SF",2.3,"WR"
"126","CLAY HARBOR",NA,NA,NA,NA,NA,NA,"JAC",4.9,"TE"
"127","CLIVE WALFORD",NA,NA,NA,NA,NA,NA,"OAK",33.3,"TE"
"128","COBY FLEENER",NA,NA,NA,NA,NA,NA,"IND",85.3,"TE"
"129","CODY LATIMER","MAKI","WR","F",0,0,1,"DEN",78.1,"WR"
"130","COLE BEASLEY",NA,NA,NA,NA,NA,NA,"DAL",68,"WR"
"131","COLIN KAEPERNICK","BRUCE","QB","D",1,72,76,"SF",251.3,"QB"
"132","COLLIN MOONEY",NA,NA,NA,NA,NA,NA,"ATL",6,"RB"
"133","COLT MCCOY",NA,NA,NA,NA,NA,NA,"WAS",7.6,"QB"
"134","COOPER HELFET",NA,NA,NA,NA,NA,NA,"SEA",9.4,"TE"
"135","CORDARRELLE PATTERSON","FRED","WR","D",2,6,8,"MIN",47.5,"WR"
"136","COREY FULLER",NA,NA,NA,NA,NA,NA,"DET",29.5,"WR"
"137","COREY GRANT",NA,NA,NA,NA,NA,NA,"JAC",1.8,"RB"
"138","COREY WASHINGTON",NA,NA,NA,NA,NA,NA,"NYG",12.3,"WR"
"139","CORY HARKEY",NA,NA,NA,NA,NA,NA,"STL",8.3,"RB"
"140","CORY HARKEY",NA,NA,NA,NA,NA,NA,"STL",3.8,"TE"
"141","CRAIG STEVENS",NA,NA,NA,NA,NA,NA,"TEN",15.5,"TE"
"142","CROCKETT GILLMORE",NA,NA,NA,NA,NA,NA,"BAL",42.8,"TE"
"143","D.J. WILLIAMS",NA,NA,NA,NA,NA,NA,"WAS",9.3,"TE"
"144","DAMARIS JOHNSON",NA,NA,NA,NA,NA,NA,"HOU",5.8,"WR"
"145","DAMIEN WILLIAMS",NA,NA,NA,NA,NA,NA,"MIA",55.8,"RB"
"146","DAN ORLOVSKY",NA,NA,NA,NA,NA,NA,"DET",0.6,"QB"
"147","DANIEL FELLS",NA,NA,NA,NA,NA,NA,"NYG",29.2,"TE"
"148","DANIEL HERRON",NA,NA,NA,NA,NA,NA,"IND",63.1,"RB"
"149","DANNY AMENDOLA",NA,NA,NA,NA,NA,NA,"NE",45.4,"WR"
"150","DANNY WOODHEAD","HANS","RB","F",0,1,1,"SD",83.8,"RB"
"151","DANTE ROSARIO",NA,NA,NA,NA,NA,NA,"CHI",18.8,"TE"
"152","DARREL YOUNG",NA,NA,NA,NA,NA,NA,"WAS",27.7,"RB"
"153","DARREN FELLS",NA,NA,NA,NA,NA,NA,"ARI",37.5,"TE"
"154","DARREN MCFADDEN","ERIC","RB","F",0,0,1,"DAL",80.5,"RB"
"155","DARREN SPROLES","ERIC","RB","F",0,1,1,"PHI",74,"RB"
"156","DARREN WALLER",NA,NA,NA,NA,NA,NA,"BAL",6.2,"WR"
"157","DARRIN REAVES",NA,NA,NA,NA,NA,NA,"KC",4.5,"RB"
"158","DARRIUS HEYWARD-BEY",NA,NA,NA,NA,NA,NA,"PIT",7,"WR"
"159","DARYL RICHARDSON",NA,NA,NA,NA,NA,NA,"NYJ",10,"RB"
"160","DAVANTE ADAMS","NICK","WR","F",1,2,4,"GB",132.2,"WR"
"161","DAVID COBB",NA,NA,NA,NA,NA,NA,"TEN",75.9,"RB"
"162","DAVID JOHNSON",NA,NA,NA,NA,NA,NA,"ARI",65.2,"RB"
"163","DAVID JOHNSON",NA,NA,NA,NA,NA,NA,"SD",8,"TE"
"164","DE'ANTHONY THOMAS",NA,NA,NA,NA,NA,NA,"KC",33.2,"RB"
"165","DE'ANTHONY THOMAS",NA,NA,NA,NA,NA,NA,"KC",43.2,"WR"
"166","DEANDRE HOPKINS","MAKI","WR","D",1,11,12,"HOU",147.9,"WR"
"167","DEANGELO WILLIAMS",NA,NA,NA,NA,NA,NA,"PIT",52.1,"RB"
"168","DELANIE WALKER","ERIC","TE","F",0,1,1,"TEN",90.6,"TE"
"169","DEMARCO MURRAY","KT","RB","D",2,39,45,"PHI",195.9,"RB"
"170","DEMARYIUS THOMAS","NICK","WR","D",2,73,84,"DEN",207.4,"WR"
"171","DEMETRIUS HARRIS",NA,NA,NA,NA,NA,NA,"KC",11.9,"TE"
"172","DENARD ROBINSON",NA,NA,NA,NA,NA,NA,"JAC",68.4,"RB"
"173","DENARIUS MOORE",NA,NA,NA,NA,NA,NA,"CIN",3.7,"WR"
"174","DENNIS PITTA",NA,NA,NA,NA,NA,NA,"BAL",13.5,"TE"
"175","DEONTE THOMPSON",NA,NA,NA,NA,NA,NA,"BUF",7.7,"WR"
"176","DEREK ANDERSON",NA,NA,NA,NA,NA,NA,"CAR",10.4,"QB"
"177","DEREK CARR","HANS","QB","F",0,1,1,"OAK",205.3,"QB"
"178","DEREK CARRIER",NA,NA,NA,NA,NA,NA,"WAS",34.4,"TE"
"179","DERRICK COLEMAN",NA,NA,NA,NA,NA,NA,"SEA",20,"RB"
"180","DESEAN JACKSON","HANS","WR","D",1,36,38,"WAS",138.8,"WR"
"181","DEVANTE PARKER",NA,NA,NA,NA,NA,NA,"MIA",85.1,"WR"
"182","DEVIER POSEY",NA,NA,NA,NA,NA,NA,"NYJ",7.1,"WR"
"183","DEVIN FUNCHESS",NA,NA,NA,NA,NA,NA,"CAR",106.5,"WR"
"184","DEVIN HESTER",NA,NA,NA,NA,NA,NA,"ATL",26.5,"WR"
"185","DEVIN SMITH",NA,NA,NA,NA,NA,NA,"NYJ",48.3,"WR"
"186","DEVIN STREET",NA,NA,NA,NA,NA,NA,"DAL",13.2,"WR"
"187","DEVONTA FREEMAN","JUSTIN","RB","F",0,1,1,"ATL",122.4,"RB"
"188","DEXTER MCCLUSTER",NA,NA,NA,NA,NA,NA,"TEN",58.2,"WR"
"189","DEXTER MCCLUSTER",NA,NA,NA,NA,NA,NA,"TEN",48.6,"RB"
"190","DEZ BRYANT","ERIC","WR","D",2,140,162,"DAL",199.3,"WR"
"191","DION LEWIS",NA,NA,NA,NA,NA,NA,"NE",0.2,"RB"
"192","DION SIMS",NA,NA,NA,NA,NA,NA,"MIA",34.6,"TE"
"193","DOMINIQUE JONES",NA,NA,NA,NA,NA,NA,"DEN",2.6,"TE"
"194","DONALD BROWN",NA,NA,NA,NA,NA,NA,"SD",5.8,"RB"
"195","DONTE MONCRIEF","HANS","WR","F",0,1,1,"IND",57.9,"WR"
"196","DONTRELLE INMAN",NA,NA,NA,NA,NA,NA,"SD",16.3,"WR"
"197","DORIAL GREEN-BECKHAM",NA,NA,NA,NA,NA,NA,"TEN",51.7,"WR"
"198","DOUG BALDWIN",NA,NA,NA,NA,NA,NA,"SEA",103.4,"WR"
"199","DOUG MARTIN","DEREK","RB","D",1,90,95,"TB",113.6,"RB"
"200","DREW BREES","NICK","QB","D ",2,122,141,"NO",294.9,"QB"
"201","DREW STANTON",NA,NA,NA,NA,NA,NA,"ARI",10.4,"QB"
"202","DRI ARCHER",NA,NA,NA,NA,NA,NA,"PIT",20,"RB"
"203","DUJUAN HARRIS",NA,NA,NA,NA,NA,NA,"MIN",7.8,"RB"
"204","DUKE JOHNSON",NA,NA,NA,NA,NA,NA,"CLE",75,"RB"
"205","DURON CARTER",NA,NA,NA,NA,NA,NA,"IND",6.5,"WR"
"206","DWAYNE ALLEN","NICK","TE","F",1,2,4,"IND",88.1,"TE"
"207","DWAYNE BOWE","EVAN","WR","D",1,16,17,"CLE",94.6,"WR"
"208","DWAYNE HARRIS",NA,NA,NA,NA,NA,NA,"NYG",4.3,"WR"
"209","E.J. BIBBS",NA,NA,NA,NA,NA,NA,"CLE",2.2,"TE"
"210","E.J. MANUEL",NA,NA,NA,NA,NA,NA,"BUF",17.5,"QB"
"211","ED DICKSON",NA,NA,NA,NA,NA,NA,"CAR",27.2,"TE"
"212","EDDIE LACY","FRED","RB","D",2,60,69,"GB",227.5,"RB"
"213","EDDIE ROYAL","JUSTIN","WR","F",0,1,1,"CHI",95.5,"WR"
"214","EDWIN BAKER",NA,NA,NA,NA,NA,NA,"NO",3.6,"RB"
"215","ELI MANNING","JUSTIN","QB","F",0,1,1,"NYG",254,"QB"
"216","EMMANUEL SANDERS","DEREK","WR","D",1,41,43,"DEN",159.5,"WR"
"217","ERIC DECKER","BRUCE","WR","D",1,21,22,"NYJ",119.4,"WR"
"218","ERIC EBRON","MAKI","TE","F",0,0,1,"DET",65.9,"TE"
"219","ERIC WEEMS",NA,NA,NA,NA,NA,NA,"ATL",7.5,"WR"
"220","ERIK LORIG",NA,NA,NA,NA,NA,NA,"NO",11.7,"RB"
"221","FITZGERALD TOUSSAINT",NA,NA,NA,NA,NA,NA,"BAL",9.2,"RB"
"222","FOZZY WHITTAKER",NA,NA,NA,NA,NA,NA,"CAR",30.3,"RB"
"223","FRANK GORE","BRUCE","RB","D",1,35,37,"IND",163.9,"RB"
"224","FRANKIE HAMMOND",NA,NA,NA,NA,NA,NA,"KC",3.8,"WR"
"225","FRED JACKSON","EVAN","RB","D",1,40,42,"BUF",63.7,"RB"
"226","GARRETT CELEK",NA,NA,NA,NA,NA,NA,"SF",6.7,"TE"
"227","GARRETT GRAHAM",NA,NA,NA,NA,NA,NA,"HOU",43.7,"TE"
"228","GARRETT GRAYSON",NA,NA,NA,NA,NA,NA,"NO",0,"QB"
"229","GARY BARNIDGE",NA,NA,NA,NA,NA,NA,"CLE",19.3,"TE"
"230","GAVIN ESCOBAR",NA,NA,NA,NA,NA,NA,"DAL",40.5,"TE"
"231","GENO SMITH",NA,NA,NA,NA,NA,NA,"NYJ",84.6,"QB"
"232","GEORGE WINN",NA,NA,NA,NA,NA,NA,"DET",7.2,"RB"
"233","GERELL ROBINSON",NA,NA,NA,NA,NA,NA,"MIA",9.8,"TE"
"234","GIOVANI BERNARD","EVAN","RB","D",2,26,30,"CIN",126.9,"RB"
"235","GOLDEN TATE","ERIC","WR","D",2,4,5,"DET",136.2,"WR"
"236","GREG JENNINGS","WILL","WR","D",1,10,11,"MIA",70.3,"WR"
"237","GREG LITTLE",NA,NA,NA,NA,NA,NA,"CIN",3.4,"WR"
"238","GREG OLSEN","ERIC","TE","D",1,6,7,"CAR",120,"TE"
"239","GREG SALAS",NA,NA,NA,NA,NA,NA,"DET",6.8,"WR"
"240","GRIFF WHALEN",NA,NA,NA,NA,NA,NA,"IND",2.4,"WR"
"241","GUS JOHNSON",NA,NA,NA,NA,NA,NA,"DAL",3.5,"RB"
"242","HAKEEM NICKS",NA,NA,NA,NA,NA,NA,"TEN",36.9,"WR"
"243","HARRY DOUGLAS",NA,NA,NA,NA,NA,NA,"TEN",51.9,"WR"
"244","HEATH MILLER","NICK","TE","F",1,0,4,"PIT",81.3,"TE"
"245","HENRY HYNOSKI",NA,NA,NA,NA,NA,NA,"NYG",10.3,"RB"
"246","IFEANYI MOMAH",NA,NA,NA,NA,NA,NA,"ARI",3.3,"TE"
"247","ISAIAH BURSE",NA,NA,NA,NA,NA,NA,"DEN",6.2,"WR"
"248","ISAIAH CROWELL","JUSTIN","RB","F",1,11,14,"CLE",127.9,"RB"
"249","J.J. NELSON",NA,NA,NA,NA,NA,NA,"ARI",7.1,"WR"
"250","J.J. WATT",NA,NA,NA,NA,NA,NA,"HOU",5.1,"TE"
"251","JACE AMARO",NA,NA,NA,NA,NA,NA,"NYJ",58.4,"TE"
"252","JACK DOYLE",NA,NA,NA,NA,NA,NA,"IND",10,"TE"
"253","JACOB TAMME",NA,NA,NA,NA,NA,NA,"ATL",53.4,"TE"
"254","JACOBY FORD",NA,NA,NA,NA,NA,NA,"TEN",1,"WR"
"255","JACOBY JONES",NA,NA,NA,NA,NA,NA,"SD",13,"WR"
"256","JACQUIZZ RODGERS",NA,NA,NA,NA,NA,NA,"CHI",35.3,"RB"
"257","JAELEN STRONG",NA,NA,NA,NA,NA,NA,"HOU",45.5,"WR"
"258","JALEN SAUNDERS",NA,NA,NA,NA,NA,NA,"NO",3.8,"WR"
"259","JALSTON FOWLER",NA,NA,NA,NA,NA,NA,"TEN",14.2,"RB"
"260","JAMAAL CHARLES","JUSTIN","RB","D",2,155,179,"KC",229.8,"RB"
"261","JAMEIS WINSTON",NA,NA,NA,NA,NA,NA,"TB",215.3,"QB"
"262","JAMES CASEY",NA,NA,NA,NA,NA,NA,"DEN",12,"RB"
"263","JAMES CASEY",NA,NA,NA,NA,NA,NA,"DEN",23.3,"TE"
"264","JAMES DEVELIN",NA,NA,NA,NA,NA,NA,"NE",14.1,"RB"
"265","JAMES HANNA",NA,NA,NA,NA,NA,NA,"DAL",4.5,"TE"
"266","JAMES JONES","WILL","WR","D",1,4,5,"NYG",7,"WR"
"267","JAMES O'SHAUGHNESSY",NA,NA,NA,NA,NA,NA,"KC",27.5,"TE"
"268","JAMES STARKS",NA,NA,NA,NA,NA,NA,"GB",59.4,"RB"
"269","JAMES WHITE",NA,NA,NA,NA,NA,NA,"NE",51.5,"RB"
"270","JAMES WRIGHT",NA,NA,NA,NA,NA,NA,"CIN",1.8,"WR"
"271","JAMISON CROWDER",NA,NA,NA,NA,NA,NA,"WAS",21.1,"WR"
"272","JAMIZE OLAWALE",NA,NA,NA,NA,NA,NA,"OAK",5.1,"RB"
"273","JARED ABBREDERIS",NA,NA,NA,NA,NA,NA,"GB",7.1,"WR"
"274","JARED COOK",NA,NA,NA,NA,NA,NA,"STL",74.4,"TE"
"275","JARIUS WRIGHT",NA,NA,NA,NA,NA,NA,"MIN",53,"WR"
"276","JARON BROWN",NA,NA,NA,NA,NA,NA,"ARI",23.6,"WR"
"277","JARRETT BOYKIN",NA,NA,NA,NA,NA,NA,"CAR",15.7,"WR"
"278","JARRYD HAYNE",NA,NA,NA,NA,NA,NA,"SF",1.1,"RB"
"279","JARVIS LANDRY","PHILLY","WR","F",1,1,4,"MIA",120.4,"WR"
"280","JASON AVANT",NA,NA,NA,NA,NA,NA,"KC",26,"WR"
"281","JASON WITTEN","DEREK","TE","D",2,9,10,"DAL",108.1,"TE"
"282","JAVORIUS ALLEN",NA,NA,NA,NA,NA,NA,"BAL",44.7,"RB"
"283","JAY AJAYI",NA,NA,NA,NA,NA,NA,"MIA",32.1,"RB"
"284","JAY CUTLER",NA,NA,NA,NA,NA,NA,"CHI",242.5,"QB"
"285","JAY PROSCH",NA,NA,NA,NA,NA,NA,"HOU",11.4,"RB"
"286","JE'RON HAMM",NA,NA,NA,NA,NA,NA,"WAS",6,"TE"
"287","JEFF CUMBERLAND",NA,NA,NA,NA,NA,NA,"NYJ",42.7,"TE"
"288","JEFF JANIS","MAKI","WR ","F",0,0,1,"GB",67.9,"WR"
"289","JEFF MAEHL",NA,NA,NA,NA,NA,NA,"PHI",9.4,"WR"
"290","JEREMY HILL","WILL","RB","D",1,34,36,"CIN",193.3,"RB"
"291","JEREMY KERLEY",NA,NA,NA,NA,NA,NA,"NYJ",48.1,"WR"
"292","JEREMY LANGFORD",NA,NA,NA,NA,NA,NA,"CHI",21.8,"RB"
"293","JEREMY MACLIN","NICK","WR","D",1,1,4,"KC",130,"WR"
"294","JEREMY ROSS",NA,NA,NA,NA,NA,NA,"DET",22,"WR"
"295","JEREMY STEWART",NA,NA,NA,NA,NA,NA,"DEN",8.3,"RB"
"296","JERICK MCKINNON","FRED","RB","F",1,0,4,"MIN",58,"RB"
"297","JERMAINE GRESHAM",NA,NA,NA,NA,NA,NA,"ARI",32.8,"TE"
"298","JERMAINE KEARSE",NA,NA,NA,NA,NA,NA,"SEA",72.3,"WR"
"299","JEROME FELTON",NA,NA,NA,NA,NA,NA,"BUF",15,"RB"
"300","JEROME SIMPSON",NA,NA,NA,NA,NA,NA,"SF",19,"WR"
"301","JEROME SMITH",NA,NA,NA,NA,NA,NA,"ATL",5.1,"RB"
"302","JERRICHO COTCHERY",NA,NA,NA,NA,NA,NA,"CAR",67.9,"WR"
"303","JESSE JAMES",NA,NA,NA,NA,NA,NA,"PIT",4.3,"TE"
"304","JIM DRAY",NA,NA,NA,NA,NA,NA,"CLE",18.1,"TE"
"305","JIMMY CLAUSEN",NA,NA,NA,NA,NA,NA,"CHI",8.9,"QB"
"306","JIMMY GAROPPOLO",NA,NA,NA,NA,NA,NA,"NE",53.9,"QB"
"307","JIMMY GRAHAM","BRUCE","TE","D",2,91,105,"SEA",133.8,"TE"
"308","JOE BANYARD",NA,NA,NA,NA,NA,NA,"MIN",21.1,"RB"
"309","JOE FLACCO",NA,NA,NA,NA,NA,NA,"BAL",244.4,"QB"
"310","JOE WEBB",NA,NA,NA,NA,NA,NA,"CAR",0,"QB"
"311","JOEY IOSEFA",NA,NA,NA,NA,NA,NA,"TB",0.4,"RB"
"312","JOHN BROWN","MAKI","WR","F",0,0,1,"ARI",112.2,"WR"
"313","JOHN CONNER",NA,NA,NA,NA,NA,NA,"BUF",4.9,"RB"
"314","JOHN CROCKETT",NA,NA,NA,NA,NA,NA,"GB",3.7,"RB"
"315","JOHN KUHN",NA,NA,NA,NA,NA,NA,"GB",19.5,"RB"
"316","JOHN PHILLIPS",NA,NA,NA,NA,NA,NA,"SD",7.8,"TE"
"317","JOHNNY MANZIEL",NA,NA,NA,NA,NA,NA,"CLE",32.1,"QB"
"318","JOIQUE BELL","MAKI","RB","D",2,4,5,"DET",137.2,"RB"
"319","JONAS GRAY","KT","RB","F",1,67,84,"NE",73.3,"RB"
"320","JONATHAN GRIMES","FRED","RB","F",0,1,1,"HOU",32.6,"RB"
"321","JONATHAN STEWART","KT","RB","D",1,2,2,"CAR",146.1,"RB"
"322","JORDAN CAMERON","MAKI","TE","D",2,1,4,"MIA",88.5,"TE"
"323","JORDAN CAMPBELL",NA,NA,NA,NA,NA,NA,"WAS",0.6,"RB"
"324","JORDAN MATTHEWS","WILL","WR","F",1,5,7,"PHI",142.6,"WR"
"325","JORDAN REED",NA,NA,NA,NA,NA,NA,"WAS",80.5,"TE"
"326","JORDAN THOMPSON",NA,NA,NA,NA,NA,NA,"DET",4.9,"TE"
"327","JORDAN TODMAN",NA,NA,NA,NA,NA,NA,"CAR",7.1,"RB"
"328","JORDY NELSON","JUSTIN","WR","D",2,35,40,NA,NA,NA
"329","JORVORSKIE LANE",NA,NA,NA,NA,NA,NA,"TB",8.8,"RB"
"330","JOSEPH FAURIA",NA,NA,NA,NA,NA,NA,"DET",17.9,"TE"
"331","JOSEPH MORGAN",NA,NA,NA,NA,NA,NA,"NO",12.2,"WR"
"332","JOSEPH RANDLE","MAKI","RB","F",0,1,1,"DAL",147.1,"RB"
"333","JOSH BELLAMY",NA,NA,NA,NA,NA,NA,"CHI",4.2,"WR"
"334","JOSH BOYCE",NA,NA,NA,NA,NA,NA,"NE",5.8,"WR"
"335","JOSH GORDON","ERIC","WR","F",1,100,125,NA,NA,NA
"336","JOSH HARRIS",NA,NA,NA,NA,NA,NA,"PIT",9.9,"RB"
"337","JOSH HILL",NA,NA,NA,NA,NA,NA,"NO",65.8,"TE"
"338","JOSH HUFF","JUSTIN","WR","F",0,1,1,"PHI",21.1,"WR"
"339","JOSH JOHNSON",NA,NA,NA,NA,NA,NA,"CIN",1.7,"QB"
"340","JOSH MCCOWN",NA,NA,NA,NA,NA,NA,"CLE",163,"QB"
"341","JOSH MORGAN",NA,NA,NA,NA,NA,NA,"NO",6.3,"WR"
"342","JOSH ROBINSON",NA,NA,NA,NA,NA,NA,"IND",33.9,"RB"
"343","JULIAN EDELMAN","KT","WR","D",1,4,5,"NE",140.1,"WR"
"344","JULIO JONES","WILL","WR","D",2,167,193,"ATL",190.1,"WR"
"345","JULIUS THOMAS","PHILLY","TE","F",2,4,8,"JAC",101.5,"TE"
"346","JUNIOR HEMINGWAY",NA,NA,NA,NA,NA,NA,"KC",6.3,"WR"
"347","JUSTIN FORSETT","ERIC","RB","F",1,9,11,"BAL",180.5,"RB"
"348","JUSTIN HARDY",NA,NA,NA,NA,NA,NA,"ATL",36.1,"WR"
"349","JUSTIN HUNTER","FRED","WR","F",0,1,1,"TEN",47.7,"WR"
"350","JUWAN THOMPSON",NA,NA,NA,NA,NA,NA,"DEN",15.5,"RB"
"351","KA'DEEM CAREY","FRED","RB","F",0,1,1,"CHI",22.3,"RB"
"352","KAMAR AIKEN",NA,NA,NA,NA,NA,NA,"BAL",45.1,"WR"
"353","KARLOS WILLIAMS",NA,NA,NA,NA,NA,NA,"BUF",21.9,"RB"
"354","KEENAN ALLEN","JUSTIN","WR","F",2,15,21,"SD",133.9,"WR"
"355","KEITH MUMPHERY",NA,NA,NA,NA,NA,NA,"HOU",5,"WR"
"356","KELLEN CLEMENS",NA,NA,NA,NA,NA,NA,"SD",2.8,"QB"
"357","KELLEN DAVIS",NA,NA,NA,NA,NA,NA,"NYJ",4.6,"TE"
"358","KELLEN MOORE",NA,NA,NA,NA,NA,NA,"DET",13.9,"QB"
"359","KELVIN BENJAMIN","PHILLY","QB","D",1,33,35,NA,NA,NA
"360","KENBRELL THOMPKINS",NA,NA,NA,NA,NA,NA,"OAK",17.9,"WR"
"361","KENDALL HUNTER",NA,NA,NA,NA,NA,NA,"SF",23.1,"RB"
"362","KENDALL WRIGHT",NA,NA,NA,NA,NA,NA,"TEN",105.6,"WR"
"363","KENJON BARNER",NA,NA,NA,NA,NA,NA,"PHI",1.9,"RB"
"364","KENNARD BACKMAN",NA,NA,NA,NA,NA,NA,"GB",3.4,"TE"
"365","KENNY BELL",NA,NA,NA,NA,NA,NA,"TB",18.7,"WR"
"366","KENNY BRITT",NA,NA,NA,NA,NA,NA,"STL",89.7,"WR"
"367","KENNY HILLIARD",NA,NA,NA,NA,NA,NA,"HOU",4.2,"RB"
"368","KENNY STILLS","JUSTIN","WR","F",1,1,4,"MIA",93.8,"WR"
"369","KERWYNN WILLIAMS",NA,NA,NA,NA,NA,NA,"ARI",5.4,"RB"
"370","KESHAWN MARTIN",NA,NA,NA,NA,NA,NA,"HOU",5.8,"WR"
"371","KEVIN DORSEY",NA,NA,NA,NA,NA,NA,"NE",7.7,"WR"
"372","KEVIN NORWOOD",NA,NA,NA,NA,NA,NA,"SEA",4.3,"WR"
"373","KEVIN WHITE",NA,NA,NA,NA,NA,NA,"CHI",44,"WR"
"374","KHIRY ROBINSON",NA,NA,NA,NA,NA,NA,"NO",35.4,"RB"
"375","KIERO SMALL",NA,NA,NA,NA,NA,NA,"BAL",3.5,"RB"
"376","KIRK COUSINS",NA,NA,NA,NA,NA,NA,"WAS",30.7,"QB"
"377","KNILE DAVIS","FRED","RB","F",1,55,69,"KC",76.8,"RB"
"378","KNOSHON MORENO","DEREK","RB","F",1,2,4,NA,NA,NA
"379","KRIS DURHAM",NA,NA,NA,NA,NA,NA,"OAK",5,"WR"
"380","KYLE JUSZCZYK",NA,NA,NA,NA,NA,NA,"BAL",15.1,"RB"
"381","KYLE RUDOLPH","EVAN","TE","F",1,0,4,"MIN",85.4,"TE"
"382","LADARIUS GREEN",NA,NA,NA,NA,NA,NA,"SD",60.4,"TE"
"383","LAMAR MILLER","JUSTIN","RB","D",1,31,33,"MIA",176.4,"RB"
"384","LAMICHAEL JAMES",NA,NA,NA,NA,NA,NA,"MIA",7,"RB"
"385","LANCE DUNBAR",NA,NA,NA,NA,NA,NA,"DAL",66.3,"RB"
"386","LANCE KENDRICKS",NA,NA,NA,NA,NA,NA,"STL",43.6,"TE"
"387","LANCE MOORE",NA,NA,NA,NA,NA,NA,"DET",6.6,"WR"
"388","LANDRY JONES",NA,NA,NA,NA,NA,NA,"PIT",0,"QB"
"389","LARRY DONNELL","PHILLY","TE","F",1,0,4,"NYG",75.4,"TE"
"390","LARRY FITZGERALD","WILL","WR","F",1,8,9,"ARI",112.2,"WR"
"391","LATAVIUS MURRAY","PHILLY","RB","F",1,3,4,"OAK",161.1,"RB"
"392","LE'VEON BELL","BRUCE","RB","D ",2,31,36,"PIT",218.1,"RB"
"393","LEE SMITH",NA,NA,NA,NA,NA,NA,"OAK",14.8,"TE"
"394","LEGARRETTE BLOUNT","WILL","RB","D",1,8,9,"NE",140.2,"RB"
"395","LEONARD HANKERSON",NA,NA,NA,NA,NA,NA,"ATL",61,"WR"
"396","LESEAN MCCOY","MAKI","RB","D",2,198,229,"BUF",194.9,"RB"
"397","LEVINE TOILOLO",NA,NA,NA,NA,NA,NA,"ATL",20.4,"TE"
"398","LOGAN THOMAS",NA,NA,NA,NA,NA,NA,"ARI",0,"QB"
"399","LORENZO TALIAFERRO","EVAN","RB","F",1,0,4,"BAL",74.5,"RB"
"400","LOUIS MURPHY",NA,NA,NA,NA,NA,NA,"TB",43.2,"WR"
"401","LUCKY WHITEHEAD",NA,NA,NA,NA,NA,NA,"DAL",3.3,"WR"
"402","LUKE MCCOWN",NA,NA,NA,NA,NA,NA,"NO",3.2,"QB"
"403","LUKE STOCKER",NA,NA,NA,NA,NA,NA,"TB",4,"TE"
"404","LUKE WILLSON",NA,NA,NA,NA,NA,NA,"SEA",31.2,"TE"
"405","MALCOLM BROWN",NA,NA,NA,NA,NA,NA,"STL",0.3,"RB"
"406","MALCOLM JOHNSON",NA,NA,NA,NA,NA,NA,"CLE",12.7,"RB"
"407","MALCOLM JOHNSON",NA,NA,NA,NA,NA,NA,"CLE",0.4,"TE"
"408","MALCOM FLOYD",NA,NA,NA,NA,NA,NA,"SD",104,"WR"
"409","MARC MARIANI",NA,NA,NA,NA,NA,NA,"CHI",4.1,"WR"
"410","MARCEDES LEWIS",NA,NA,NA,NA,NA,NA,"JAC",32,"TE"
"411","MARCEL REECE",NA,NA,NA,NA,NA,NA,"OAK",30.4,"RB"
"412","MARCUS EASLEY",NA,NA,NA,NA,NA,NA,"BUF",4,"WR"
"413","MARCUS MARIOTA",NA,NA,NA,NA,NA,NA,"TEN",220.2,"QB"
"414","MARCUS MURPHY",NA,NA,NA,NA,NA,NA,"NO",4.9,"RB"
"415","MARCUS THIGPEN",NA,NA,NA,NA,NA,NA,"BUF",4.7,"RB"
"416","MARION GRICE",NA,NA,NA,NA,NA,NA,"ARI",9,"RB"
"417","MARK INGRAM","PHILLY","RB","D",1,5,6,"NO",171.1,"RB"
"418","MARK SANCHEZ","KT","QB","F",1,12,15,"PHI",28.5,"QB"
"419","MARKUS WHEATON",NA,NA,NA,NA,NA,NA,"PIT",74.5,"WR"
"420","MARLON BROWN",NA,NA,NA,NA,NA,NA,"BAL",34.1,"WR"
"421","MARLON MOORE",NA,NA,NA,NA,NA,NA,"CLE",8.6,"WR"
"422","MARQISE LEE",NA,NA,NA,NA,NA,NA,"JAC",57.8,"WR"
"423","MARQUEIS GRAY",NA,NA,NA,NA,NA,NA,"BUF",14.8,"TE"
"424","MARQUES COLSTON","EVAN","WR","D",1,17,18,"NO",110.8,"WR"
"425","MARQUESS WILSON",NA,NA,NA,NA,NA,NA,"CHI",40.9,"WR"
"426","MARQUISE GOODWIN",NA,NA,NA,NA,NA,NA,"BUF",7.4,"WR"
"427","MARSHAWN LYNCH","HANS","RB","D",2,123,142,"SEA",229.5,"RB"
"428","MARTAVIS BRYANT","DEREK","WR","F",1,15,19,"PIT",120.1,"WR"
"429","MARTELLUS BENNETT","KT","TE","D",1,1,2,"CHI",111.4,"TE"
"430","MARVIN JONES",NA,NA,NA,NA,NA,NA,"CIN",78.9,"WR"
"431","MATT ASIATA","EVAN","RB","F",1,0,4,"MIN",24.1,"RB"
"432","MATT BARKLEY",NA,NA,NA,NA,NA,NA,"PHI",0,"QB"
"433","MATT CASSEL",NA,NA,NA,NA,NA,NA,"BUF",97.3,"QB"
"434","MATT FORTE","DEREK","RB","D ",2,122,141,"CHI",214.6,"RB"
"435","MATT HASSELBECK",NA,NA,NA,NA,NA,NA,"IND",3.2,"QB"
"436","MATT HAZEL",NA,NA,NA,NA,NA,NA,"MIA",4.5,"WR"
"437","MATT JONES",NA,NA,NA,NA,NA,NA,"WAS",64.7,"RB"
"438","MATT MCGLOIN",NA,NA,NA,NA,NA,NA,"OAK",0.9,"QB"
"439","MATT MOORE",NA,NA,NA,NA,NA,NA,"MIA",1.9,"QB"
"440","MATT RYAN","WILL","QB","D",2,85,98,"ATL",282.5,"QB"
"441","MATT SCHAUB",NA,NA,NA,NA,NA,NA,"BAL",2.3,"QB"
"442","MATT SIMMS",NA,NA,NA,NA,NA,NA,"BUF",0,"QB"
"443","MATT SLATER",NA,NA,NA,NA,NA,NA,"NE",9.5,"WR"
"444","MATT SPAETH",NA,NA,NA,NA,NA,NA,"PIT",26.7,"TE"
"445","MATTHEW STAFFORD","BRUCE","QB","D",1,35,37,"DET",266.3,"QB"
"446","MAXX WILLIAMS",NA,NA,NA,NA,NA,NA,"BAL",57.4,"TE"
"447","MELVIN GORDON",NA,NA,NA,NA,NA,NA,"SD",164.8,"RB"
"448","MICHAEL BURTON",NA,NA,NA,NA,NA,NA,"DET",11.8,"RB"
"449","MICHAEL CAMPANARO",NA,NA,NA,NA,NA,NA,"BAL",18.5,"WR"
"450","MICHAEL CRABTREE","BRUCE","WR","F",2,1,8,"OAK",85.4,"WR"
"451","MICHAEL FLOYD","BRUCE","WR","D",2,1,4,"ARI",115.6,"WR"
"452","MICHAEL HOOMANAWANUI",NA,NA,NA,NA,NA,NA,"NE",5.6,"TE"
"453","MICKEY SHULER",NA,NA,NA,NA,NA,NA,"ATL",5.2,"TE"
"454","MIKE BROWN",NA,NA,NA,NA,NA,NA,"CAR",53.9,"WR"
"455","MIKE DAVIS",NA,NA,NA,NA,NA,NA,"SF",5.4,"RB"
"456","MIKE EVANS","PHILLY","WR","F",1,0,4,"TB",166.3,"WR"
"457","MIKE GLENNON",NA,NA,NA,NA,NA,NA,"TB",7.5,"QB"
"458","MIKE JAMES",NA,NA,NA,NA,NA,NA,"TB",3.6,"RB"
"459","MIKE KAFKA",NA,NA,NA,NA,NA,NA,"MIN",0,"QB"
"460","MIKE TOLBERT",NA,NA,NA,NA,NA,NA,"CAR",45.2,"RB"
"461","MIKE WALLACE","DEREK","WR","D",1,1,4,"MIN",121.3,"WR"
"462","MILES AUSTIN",NA,NA,NA,NA,NA,NA,"PHI",15,"WR"
"463","MOHAMED SANU","NICK","WR","F",1,0,4,"CIN",58,"WR"
"464","MONTEE BALL","DEREK","RB","D",2,18,21,"DEN",40.6,"RB"
"465","MYCHAL RIVERA",NA,NA,NA,NA,NA,NA,"OAK",59.3,"TE"
"466","MYCOLE PRUITT",NA,NA,NA,NA,NA,NA,"MIN",12.6,"TE"
"467","MYLES WHITE",NA,NA,NA,NA,NA,NA,"GB",3.5,"WR"
"468","NATE WASHINGTON",NA,NA,NA,NA,NA,NA,"HOU",68.7,"WR"
"469","NEAL STERLING",NA,NA,NA,NA,NA,NA,"JAC",5.1,"WR"
"470","NELSON AGHOLOR",NA,NA,NA,NA,NA,NA,"PHI",114.6,"WR"
"471","NIC JACOBS",NA,NA,NA,NA,NA,NA,"JAC",10.3,"TE"
"472","NICK BOYLE",NA,NA,NA,NA,NA,NA,"BAL",2.5,"TE"
"473","NICK FOLES",NA,NA,NA,NA,NA,NA,"STL",204.6,"QB"
"474","NICK O'LEARY",NA,NA,NA,NA,NA,NA,"BUF",2.3,"TE"
"475","NICK TOON",NA,NA,NA,NA,NA,NA,"NO",49.5,"WR"
"476","NIKITA WHITLOCK",NA,NA,NA,NA,NA,NA,"NYG",0.5,"RB"
"477","ODELL BECKHAM","MAKI","WR","F",1,1,4,"NYG",199.7,"WR"
"478","ORLEANS DARKWA",NA,NA,NA,NA,NA,NA,"NYG",5.1,"RB"
"479","ORSON CHARLES",NA,NA,NA,NA,NA,NA,"NO",4.3,"TE"
"480","OWEN DANIELS","EVAN","TE","F",1,0,4,"DEN",84.1,"TE"
"481","PATRICK DIMARCO",NA,NA,NA,NA,NA,NA,"ATL",16.4,"RB"
"482","PAUL RICHARDSON",NA,NA,NA,NA,NA,NA,"SEA",16.5,"WR"
"483","PERCY HARVIN","HANS","WR","D",2,13,15,"BUF",88.6,"WR"
"484","PEYTON MANNING","NICK","QB","D",2,47,54,"DEN",297.8,"QB"
"485","PHILIP RIVERS","FRED","QB","F",0,0,1,"SD",258,"QB"
"486","PHILLIP DORSETT",NA,NA,NA,NA,NA,NA,"IND",61.3,"WR"
"487","PHILLIP SUPERNAW",NA,NA,NA,NA,NA,NA,"TEN",7.2,"TE"
"488","PHILLY BROWN",NA,NA,NA,NA,NA,NA,"CAR",68.1,"WR"
"489","PIERRE GARCON",NA,NA,NA,NA,NA,NA,"WAS",106.1,"WR"
"490","PIERRE THOMAS","ERIC","RB","F",0,1,1,"",0,"RB"
"491","PRESTON PARKER",NA,NA,NA,NA,NA,NA,"NYG",16.6,"WR"
"492","QUINCY ENUNWA",NA,NA,NA,NA,NA,NA,"NYJ",7.8,"WR"
"493","QUINTON PATTON",NA,NA,NA,NA,NA,NA,"SF",30.8,"WR"
"494","RANDALL COBB","FRED","WR","D",2,131,151,"GB",187.4,"WR"
"495","RASHAD GREENE",NA,NA,NA,NA,NA,NA,"JAC",15.7,"WR"
"496","RASHAD JENNINGS","NICK","RB","D",1,4,5,"NYG",137.6,"RB"
"497","RASHAD ROSS",NA,NA,NA,NA,NA,NA,"WAS",8.9,"WR"
"498","RAY AGNEW",NA,NA,NA,NA,NA,NA,"DAL",5.1,"RB"
"499","RAY RICE",NA,NA,NA,NA,NA,NA,"",60.6,"RB"
"500","REGGIE BUSH","ERIC","RB","F",0,1,1,"SF",81.1,"RB"
"501","REGGIE WAYNE","WILL","WR","D",1,18,19,"NE",52.5,"WR"
"502","REX BURKHEAD",NA,NA,NA,NA,NA,NA,"CIN",8.3,"RB"
"503","RHETT ELLISON",NA,NA,NA,NA,NA,NA,"MIN",13.8,"TE"
"504","RICARDO LOCKETTE",NA,NA,NA,NA,NA,NA,"SEA",20.8,"WR"
"505","RICHARD GORDON",NA,NA,NA,NA,NA,NA,"KC",2,"TE"
"506","RICHARD RODGERS",NA,NA,NA,NA,NA,NA,"GB",68.6,"TE"
"507","RICHIE BROCKEL",NA,NA,NA,NA,NA,NA,"CAR",-0.1,"TE"
"508","RICKY STANZI",NA,NA,NA,NA,NA,NA,"NYG",0,"QB"
"509","RILEY COOPER",NA,NA,NA,NA,NA,NA,"PHI",49.4,"WR"
"510","RISHARD MATTHEWS",NA,NA,NA,NA,NA,NA,"MIA",17.4,"WR"
"511","ROB GRONKOWSKI","FRED","TE","D",2,35,40,"NE",165.7,"TE"
"512","ROB HOUSLER",NA,NA,NA,NA,NA,NA,"CLE",43.7,"TE"
"513","ROBERT GRIFFIN","PHILLY","QB","F",1,2,4,"WAS",204.4,"QB"
"514","ROBERT HERRON",NA,NA,NA,NA,NA,NA,"TB",7,"WR"
"515","ROBERT HUGHES",NA,NA,NA,NA,NA,NA,"ARI",12.8,"RB"
"516","ROBERT TURBIN","JUSTIN","RB","F",0,3,4,"SEA",50.9,"RB"
"517","ROBERT WOODS",NA,NA,NA,NA,NA,NA,"BUF",65.6,"WR"
"518","ROD STREATER",NA,NA,NA,NA,NA,NA,"OAK",51.2,"WR"
"519","RODDY WHITE","FRED","WR","F",0,1,1,"ATL",118.4,"WR"
"520","RODNEY SMITH",NA,NA,NA,NA,NA,NA,"",5,"WR"
"521","RONNIE BROWN",NA,NA,NA,NA,NA,NA,"",4.8,"RB"
"522","RONNIE HILLMAN","NICK","RB","F",1,10,12,"DEN",66.6,"RB"
"523","ROY HELU",NA,NA,NA,NA,NA,NA,"OAK",74,"RB"
"524","RUEBEN RANDLE","BRUCE","WR","D",1,22,23,"NYG",95.6,"WR"
"525","RUSSELL SHEPARD",NA,NA,NA,NA,NA,NA,"TB",3.4,"WR"
"526","RUSSELL WILSON","MAKI","QB","D ",2,126,146,"SEA",299.7,"QB"
"527","RYAN BROYLES",NA,NA,NA,NA,NA,NA,"DET",3.8,"WR"
"528","RYAN FITZPATRICK",NA,NA,NA,NA,NA,NA,"NYJ",140,"QB"
"529","RYAN GRANT",NA,NA,NA,NA,NA,NA,"WAS",8.7,"WR"
"530","RYAN GRIFFIN",NA,NA,NA,NA,NA,NA,"HOU",9.7,"TE"
"531","RYAN HEWITT",NA,NA,NA,NA,NA,NA,"CIN",11.4,"RB"
"532","RYAN HEWITT",NA,NA,NA,NA,NA,NA,"CIN",30.7,"TE"
"533","RYAN LINDLEY",NA,NA,NA,NA,NA,NA,"NE",0.2,"QB"
"534","RYAN MALLETT",NA,NA,NA,NA,NA,NA,"HOU",59.3,"QB"
"535","RYAN MATHEWS","NICK","RB","D",1,36,38,"PHI",106.5,"RB"
"536","RYAN NASSIB",NA,NA,NA,NA,NA,NA,"NYG",3.5,"QB"
"537","RYAN SPADOLA",NA,NA,NA,NA,NA,NA,"ARI",8.1,"WR"
"538","RYAN TANNEHILL","DEREK","QB","F",1,0,4,"MIA",262.7,"QB"
"539","RYAN TAYLOR",NA,NA,NA,NA,NA,NA,"KC",7.9,"TE"
"540","RYAN WILLIAMS",NA,NA,NA,NA,NA,NA,"DAL",18.8,"RB"
"541","SAALIM HAKIM",NA,NA,NA,NA,NA,NA,"NYJ",9.7,"WR"
"542","SAM BRADFORD","PHILLY","QB","F",0,1,1,"PHI",232,"QB"
"543","SAMMIE COATES",NA,NA,NA,NA,NA,NA,"PIT",18.8,"WR"
"544","SAMMY WATKINS","JUSTIN","WR","D ",1,52,55,"BUF",133.4,"WR"
"545","SCOTT CHANDLER",NA,NA,NA,NA,NA,NA,"NE",35.5,"TE"
"546","SCOTT TOLZIEN",NA,NA,NA,NA,NA,NA,"GB",4.6,"QB"
"547","SEAN MCGRATH",NA,NA,NA,NA,NA,NA,"IND",6.3,"TE"
"548","SEAN RENFREE",NA,NA,NA,NA,NA,NA,"ATL",0,"QB"
"549","SEANTAVIUS JONES",NA,NA,NA,NA,NA,NA,"NO",15.6,"WR"
"550","SENORISE PERRY",NA,NA,NA,NA,NA,NA,"CHI",3.1,"RB"
"551","SEYI AJIROTUTU",NA,NA,NA,NA,NA,NA,"PHI",4.1,"WR"
"552","SHANE VEREEN","ERIC","RB","F",2,4,8,"NYG",100.7,"RB"
"553","SHAUN DRAUGHN",NA,NA,NA,NA,NA,NA,"CLE",1.6,"RB"
"554","SHAUN HILL",NA,NA,NA,NA,NA,NA,"MIN",6.3,"QB"
"555","SHONN GREENE",NA,NA,NA,NA,NA,NA,"",25.3,"RB"
"556","STEDMAN BAILEY",NA,NA,NA,NA,NA,NA,"STL",42.4,"WR"
"557","STEFON DIGGS",NA,NA,NA,NA,NA,NA,"MIN",7.4,"WR"
"558","STEPFAN TAYLOR",NA,NA,NA,NA,NA,NA,"ARI",18.8,"RB"
"559","STEVAN RIDLEY","PHILLY","RB","F",0,1,1,"NYJ",40.7,"RB"
"560","STEVE JOHNSON",NA,NA,NA,NA,NA,NA,"SD",85.2,"WR"
"561","STEVE MANERI",NA,NA,NA,NA,NA,NA,"NYJ",1.6,"TE"
"562","STEVE SMITH","HANS","WR","F",1,0,4,"BAL",119.2,"WR"
"563","STEVEN JACKSON","NICK","RB","F",1,1,4,NA,NA,NA
"564","STORM JOHNSON",NA,NA,NA,NA,NA,NA,"JAC",14.5,"RB"
"565","T.J. GRAHAM",NA,NA,NA,NA,NA,NA,"NYJ",10,"WR"
"566","T.J. YELDON",NA,NA,NA,NA,NA,NA,"JAC",146.5,"RB"
"567","T.Y. HILTON","PHILLY","WR","D",2,14,16,"IND",164.2,"WR"
"568","TAIWAN JONES",NA,NA,NA,NA,NA,NA,"OAK",9.3,"RB"
"569","TANDON DOSS",NA,NA,NA,NA,NA,NA,"JAC",8.3,"WR"
"570","TARVARIS JACKSON",NA,NA,NA,NA,NA,NA,"SEA",0.8,"QB"
"571","TAVON AUSTIN",NA,NA,NA,NA,NA,NA,"STL",63.1,"WR"
"572","TAYLOR GABRIEL",NA,NA,NA,NA,NA,NA,"CLE",42.4,"WR"
"573","TAYLOR YATES",NA,NA,NA,NA,NA,NA,"ATL",1.2,"QB"
"574","TED GINN",NA,NA,NA,NA,NA,NA,"CAR",33.8,"WR"
"575","TEDDY BRIDGEWATER","MAKI","QB","F",0,1,1,"MIN",239.4,"QB"
"576","TERRANCE WEST",NA,NA,NA,NA,NA,NA,"CLE",57.6,"RB"
"577","TERRANCE WILLIAMS","HANS","WR","F",2,4,8,"DAL",105.3,"WR"
"578","TERRELLE PRYOR",NA,NA,NA,NA,NA,NA,"CLE",9.8,"WR"
"579","TEVIN COLEMAN",NA,NA,NA,NA,NA,NA,"ATL",128.7,"RB"
"580","THEO RIDDICK",NA,NA,NA,NA,NA,NA,"DET",49.1,"RB"
"581","THOMAS RAWLS",NA,NA,NA,NA,NA,NA,"SEA",2.4,"RB"
"582","TIM HIGHTOWER",NA,NA,NA,NA,NA,NA,"NO",6.8,"RB"
"583","TIM TEBOW",NA,NA,NA,NA,NA,NA,"PHI",0,"QB"
"584","TIM WRIGHT",NA,NA,NA,NA,NA,NA,"TB",6.8,"TE"
"585","TOBY GERHART",NA,NA,NA,NA,NA,NA,"JAC",35.1,"RB"
"586","TODD GURLEY",NA,NA,NA,NA,NA,NA,"STL",132.8,"RB"
"587","TOM BRADY","ERIC","QB","F",1,0,4,"NE",215.9,"QB"
"588","TOM SAVAGE",NA,NA,NA,NA,NA,NA,"HOU",0,"QB"
"589","TOMMY BOHANON",NA,NA,NA,NA,NA,NA,"NYJ",13.4,"RB"
"590","TONY CREECY",NA,NA,NA,NA,NA,NA,"NE",0.2,"RB"
"591","TONY MOEAKI",NA,NA,NA,NA,NA,NA,"ATL",26,"TE"
"592","TONY ROMO","KT","QB","D ",2,16,18,"DAL",268.1,"QB"
"593","TORREY SMITH","BRUCE","WR","D",1,20,21,"SF",113.9,"WR"
"594","TRAVARIS CADET",NA,NA,NA,NA,NA,NA,"NE",11.9,"RB"
"595","TRAVIS BENJAMIN",NA,NA,NA,NA,NA,NA,"CLE",17,"WR"
"596","TRAVIS KELCE","HANS","TE","D",1,18,19,"KC",117.1,"TE"
"597","TRE MASON","MAKI","RB","F",1,7,9,"STL",94.9,"RB"
"598","TRE MCBRIDE",NA,NA,NA,NA,NA,NA,"TEN",2.6,"WR"
"599","TRENT RICHARDSON","JUSTIN","RB","F",1,8,10,"OAK",22.8,"RB"
"600","TREY BURTON",NA,NA,NA,NA,NA,NA,"PHI",7.5,"TE"
"601","TREY MILLARD",NA,NA,NA,NA,NA,NA,"SF",0.6,"RB"
"602","TREY WATTS",NA,NA,NA,NA,NA,NA,"STL",6.9,"RB"
"603","TREY WILLIAMS",NA,NA,NA,NA,NA,NA,"WAS",2.2,"RB"
"604","TROY NIKLAS",NA,NA,NA,NA,NA,NA,"ARI",20.2,"TE"
"605","TY MONTGOMERY",NA,NA,NA,NA,NA,NA,"GB",51.2,"WR"
"606","TYLER CLUTTS",NA,NA,NA,NA,NA,NA,"DAL",14,"RB"
"607","TYLER EIFERT","JUSTIN","TE","F",0,1,1,"CIN",76.8,"TE"
"608","TYLER GAFFNEY",NA,NA,NA,NA,NA,NA,"NE",0,"RB"
"609","TYLER KROFT",NA,NA,NA,NA,NA,NA,"CIN",18.4,"TE"
"610","TYLER LOCKETT",NA,NA,NA,NA,NA,NA,"SEA",57.4,"WR"
"611","TYROD TAYLOR",NA,NA,NA,NA,NA,NA,"BUF",90,"QB"
"612","VANCE MCDONALD",NA,NA,NA,NA,NA,NA,"SF",12.8,"TE"
"613","VERNON DAVIS",NA,NA,NA,NA,NA,NA,"SF",75.3,"TE"
"614","VICK BALLARD",NA,NA,NA,NA,NA,NA,"IND",14.4,"RB"
"615","VICTOR CRUZ","DEREK","WR","F",1,1,4,"NYG",109,"WR"
"616","VINCE MAYLE",NA,NA,NA,NA,NA,NA,"CLE",6,"WR"
"617","VINCENT BROWN",NA,NA,NA,NA,NA,NA,"IND",5.4,"WR"
"618","VINCENT JACKSON","BRUCE","WR","D",2,53,61,"TB",125.8,"WR"
"619","VIRGIL GREEN",NA,NA,NA,NA,NA,NA,"DEN",43.7,"TE"
"620","WALT POWELL",NA,NA,NA,NA,NA,NA,"NYJ",10.1,"WR"
"621","WILL JOHNSON",NA,NA,NA,NA,NA,NA,"PIT",9.6,"RB"
"622","ZAC STACY",NA,NA,NA,NA,NA,NA,"NYJ",18,"RB"
"623","ZACH ERTZ","HANS","TE","F",0,1,1,"PHI",95.8,"TE"
"624","ZACH LINE",NA,NA,NA,NA,NA,NA,"MIN",24.3,"RB"
"625","ZACH METTENBERGER",NA,NA,NA,NA,NA,NA,"TEN",8.8,"QB"
"626","ZACH MILLER",NA,NA,NA,NA,NA,NA,"CHI",5.1,"TE"
"627","ZACH ZENNER",NA,NA,NA,NA,NA,NA,"DET",6.3,"RB"
"628","ZURLON TIPTON",NA,NA,NA,NA,NA,NA,"IND",6.6,"RB"
